sample_id,tc,tn
08_669,1.091,0.12940000000000002
08_670,0.8141,0.099
08_671,0.6724,0.0916
08_672,0.7523,0.1595
08_673,1.334,0.22400000000000003
08_674,0.46509999999999996,0.1302
08_675,0.2678,0.0698
08_676,0.3165,0.0514
08_677,0.22410000000000002,0.0444
08_683,0.2987,0.0553
08_693,0.727,0.0834
08_694,0.6595,0.0748
08_695,0.6485000000000001,0.0762
08_696,0.9483,0.1268
08_697,0.9454,0.1232
08_698,0.3243,0.0957
08_699,0.23359999999999997,0.07980000000000001
08_700,0.20929999999999999,0.0917
08_701,0.30419999999999997,0.0755
08_706,0.2605,0.048
08_718,1.1400000000000001,0.1106
08_719,0.5526,0.0902
08_720,0.3056,0.053000000000000005
08_721,0.48179999999999995,0.0918
08_722,0.49589999999999995,0.1101
08_723,0.413,0.09419999999999999
08_730,1.637,0.10600000000000001
09_864,0.1261,0.0603
09_892,0.4389,0.1052
09_904,0.41529999999999995,0.1001
09_921,0.7631,0.0811
09_945,0.42590000000000006,0.0886
09_960,0.6894,0.1012
09_973,0.7034,0.1255
09_982,0.6934,0.124
09_989,2.622,0.2468
10_003,0.32599999999999996,0.10500000000000001
1002,1.8539999999999999,0.1802
1003,3.777,0.2784
1004,3.3840000000000003,0.2798
1005,2.125,0.1768
1006,2.616,0.2024
1007,3.2689999999999997,0.2536
1008,3.4909999999999997,0.40919999999999995
1009,3.5840000000000005,0.3093
1010,2.478,0.24769999999999998
1011,2.685,0.23769999999999997
1012,2.378,0.2701
1013,3.399,0.3342
1014,2.457,0.2164
1015,3.656,0.3275
1016,1.609,0.1625
1017,3.31,0.2764
1018,2.371,0.2318
1019,1.518,0.1982
1020,3.5380000000000003,0.28959999999999997
1021,1.8829999999999998,0.17529999999999998
1022,2.468,0.352
1023,3.904,0.3811
1024,7.2299999999999995,0.6866
1025,2.513,0.2071
1026,2.205,0.19190000000000002
1027,3.0420000000000003,0.32530000000000003
1028,3.2729999999999997,0.3457
1029,5.122999999999999,0.47300000000000003
1030,1.208,0.1439
1031,6.964,0.6182000000000001
1032,4.034000000000001,0.41150000000000003
1033,4.231,0.38639999999999997
1034,1.7269999999999999,0.2173
1035,4.707,0.6793
1036,3.6990000000000003,0.44820000000000004
1037,2.73,0.528
1038,3.47,0.3967
1039,1.782,0.2044
1040,3.113,0.2326
1041,3.076,0.2644
1042,6.9590000000000005,0.6075999999999999
1043,2.928,0.2597
1044,3.647,0.4062
1045,3.6439999999999997,0.41529999999999995
1046,4.0600000000000005,0.3847
1047,3.643,0.46390000000000003
1048,3.119,0.2982
1049,2.2800000000000002,0.2286
1050,1.873,0.40780000000000005
1051,2.308,0.2355
1052,2.256,0.2284
11_1035,1.46,0.1071
11_1036,0.5183,0.06949999999999999
11_937,0.5413,0.1278
11_976,1.296,0.1995
13_2072,0.28959999999999997,0.21280000000000002
13_2073,0.36,0.0618
13_2074,0.6814,0.0661
13_2075,0.8859,0.0887
13_2076,1.3050000000000002,0.1238
13_2077,2.984,0.2023
13_2078,0.6425,0.2925
13_2079,1.065,0.11339999999999999
13_2080,1.457,0.1222
13_2102,1.122,0.10329999999999999
13_2103,1.426,0.12079999999999999
13_2104,1.439,0.1162
13_2105,1.799,0.1281
13_2106,0.9663,0.0979
13_2107,1.671,0.1312
13_2108,2.616,0.1611
13_2109,2.306,0.1578
13_2110,1.103,0.0989
13_2111,1.467,0.1162
13_2112,1.916,0.14179999999999998
13_2113,3.4659999999999997,0.24209999999999998
13_2114,0.8922000000000001,0.08
13_2115,1.807,0.1322
13_2116,2.13,0.14250000000000002
13_2117,2.2489999999999997,0.14950000000000002
13_2118,0.6926,0.08
13_2119,1.714,0.12840000000000001
13_2120,2.003,0.1353
13_2121,2.303,0.141
13_2122,0.6668000000000001,0.0818
13_2123,0.7016,0.0931
13_2124,0.9365,0.1046
13_2125,2.572,0.18009999999999998
13_2126,0.5132,0.07089999999999999
13_2127,0.9965999999999999,0.11359999999999999
13_2128,1.198,0.1116
13_2129,2.348,0.1571
13_2130,0.8169000000000001,0.0693
13_2131,0.6708999999999999,0.0849
13_2132,0.9719,0.0973
13_2133,2.3850000000000002,0.1601
13_2134,0.7401,0.0831
13_2135,1.418,0.1105
13_2136,1.831,0.1356
13_2137,1.7570000000000001,0.1313
13_2138,0.5025999999999999,0.0706
13_2139,0.8231999999999999,0.0867
13_2140,1.145,0.09330000000000001
13_2141,1.6510000000000002,0.12350000000000001
13_2142,0.8154,0.0996
13_2143,0.6336999999999999,0.088
13_2144,1.155,0.0916
13_2145,1.659,0.11379999999999998
18-03_KB_0_10_1,6.87050012463,0.71406159954
18-03_KB_0_10_2,6.74833634832,0.68739866994
18-03_KB_10_20_1,5.122106806330001,0.5345090854600001
18-03_KB_10_20_MS,3.55845429377,0.41329521516999995
18-03_KB_20_30_1,3.57570178017,0.36660758577
18-03_KB_20_30_2,3.77227911206,0.40016083189999996
18-03_KB_20_30_MS,2.85610286031,0.32038386145
18-03_KB_30_40_MS,1.9263804581900001,0.21273186551999998
18-03_KB_30_50_1,3.64874019453,0.39293677433999996
18-03_KB_30_50_2,2.79617494297,0.29789008093999997
18-03_KB_40_50_MS,1.54220930372,0.17456530235
18-03_KB_50_60_MS,1.3440454821299999,0.15299787987
18-03_KB_50_70_1,3.13851393855,0.34173420025
18-03_KB_50_70_2,2.24448581113,0.24036390519
18-03_KB_60_70_MS,1.18505521764,0.13382275611
18-03_KB_70_100_1,2.76096551331,0.30183323768000003
18-03_KB_70_100_2,2.02879665818,0.21774691832999998
18-03_KB_70_80_MS,1.0534816842999999,0.11922212787
18-03_YGB_GIL_0_15_3,2.16823361542,0.12674636369
18-03_YGB_GIL_15_30_3,1.2542098966,0.07162440962
2668,7.202,0.4422
2669,7.503,0.5064
2670,10.690000000000001,0.7285
2671,4.644,0.30019999999999997
2672,4.8469999999999995,0.3146
2673,5.7299999999999995,0.3218
2674,2.9379999999999997,0.21869999999999998
2675,5.305,0.34340000000000004
2676,3.8950000000000005,0.2454
2677,7.95,0.5641
BAW_J02_C1,2.6550000000000002,0.25
BAW_J04_C1,2.4690000000000003,0.211
BAW_J06_C1,1.492,0.13899999999999998
BAW_J11_C3,0.8560000000000001,0.08199999999999999
BAW_J13_C3,0.96,0.09
BAW_J17_C1,5.669,0.446
BAW_J17_C2,2.925,0.24700000000000003
BAW_J17_C3,1.9280000000000002,0.192
BAW_J20_C1,1.811,0.147
BAW_J22_C3,1.0070000000000001,0.10200000000000001
BAW_J24_C1,1.927,0.161
BAW_J26_C1,4.401,0.34700000000000003
BAW_J26_C2,1.968,0.16399999999999998
BAW_J28_C3,0.9480000000000001,0.088
BAW_J29_C2,1.02,0.094
BAW_J29_C3,0.651,0.068
BAW_J31_C1,1.741,0.148
BAW_J32_C1,1.957,0.173
bol_1x_mcar_20,1.46,0.099
bol_1x_mcar_50,0.5554,0.0456
bol_1x_mcmc_20,1.074,0.0817
bol_1x_mcmc_50,0.9097,0.06889999999999999
bol_1x_mcms_20,1.157,0.07780000000000001
bol_1x_mcms_50,0.6003000000000001,0.0512
bol_1x_mcrz_20,1.425,0.1051
bol_1x_mcrz_50,1.075,0.0756
bol_2x_mcar_20,1.5150000000000001,0.10029999999999999
bol_2x_mcar_50,0.9336,0.0607
bol_2x_mcmc_20,1.672,0.1095
bol_2x_mcmc_50,0.8852,0.0646
bol_2x_mcms_20,2.337,0.1452
bol_2x_mcms_50,1.906,0.10869999999999999
bol_2x_mcrz_20,1.269,0.0916
bol_2x_mcrz_50,1.0939999999999999,0.08249999999999999
bol_pp_mcar_20,2.266,0.1423
bol_pp_mcar_50,0.7384000000000001,0.054400000000000004
bol_pp_mcmc_20,2.283,0.1491
bol_pp_mcmc_50,1.0710000000000002,0.0737
bol_pp_mcms_20,2.801,0.1877
bol_pp_mcms_50,0.6149,0.047599999999999996
bol_pp_mcrz_20,2.5010000000000003,0.1621
bol_pp_mcrz_50,0.752,0.059899999999999995
bon_1x_mcar_20,1.314,0.0953
bon_1x_mcar_50,0.7502,0.0541
bon_1x_mcmc_20,2.138,0.1514
bon_1x_mcmc_50,0.79989999999999994,0.055400000000000005
bon_1x_mcms_20,1.688,0.1256
bon_1x_mcms_50,0.8230000000000001,0.0646
bon_1x_mcrz_20,1.231,0.0891
bon_1x_mcrz_50,0.8542,0.0398
bon_2x_mcar_20,1.8239999999999998,0.1248
bon_2x_mcar_50,0.7422,0.0484
bon_2x_mcmc_20,1.198,0.0801
bon_2x_mcmc_50,0.7104,0.048
bon_2x_mcms_20,2.032,0.1383
bon_2x_mcms_50,1.0699999999999998,0.075
bon_2x_mcrz_20,1.5050000000000001,0.1008
bon_2x_mcrz_50,1.044,0.0715
bon_pp_mcar_20,1.534,0.1069
bon_pp_mcar_50,0.8013999999999999,0.060399999999999995
bon_pp_mcmc_20,2.331,0.1554
bon_pp_mcmc_50,0.8824,0.0593
bon_pp_mcms_20,1.413,0.1072
bon_pp_mcms_50,0.6933,0.0485
bon_pp_mcrz_20,2.009,0.148
bon_pp_mcrz_50,0.8503999999999999,0.066
cod_bku_2015-12-01_ag_rep01_sub,0.81536710262,0.09215637296
cod_bku_2015-12-01_ag_rep01_top,1.25355672836,0.12305185944000001
cod_bku_2015-12-01_ag_rep02_sub,1.22033333778,0.10707896203
cod_bku_2015-12-01_ag_rep02_top,1.32467901707,0.11818210781
cod_bku_2015-12-01_ag_rep03_sub,2.6011865139,0.23017323017
cod_bku_2015-12-01_ag_rep03_top,1.6323951482799999,0.17469148338
cod_bku_2015-12-01_ag_rep04_sub,2.10015487671,0.18100544810000002
cod_bku_2015-12-01_ag_rep04_top,2.97794747353,0.25913622975
cod_bku_2015-12-01_ag_rep05_sub,1.84526515007,0.1599958241
cod_bku_2015-12-01_ag_rep05_top,2.32918405533,0.20336265862
cod_bku_2015-12-01_ag_rep06_sub,1.31144464016,0.11336457729
cod_bku_2015-12-01_ag_rep07_sub,1.41798996925,0.12612870335999998
cod_bku_2015-12-01_ag_rep07_top,1.6321080923099998,0.14239066839
cod_bku_2015-12-01_fo_rep01_sub,4.88981676102,0.38803699613
cod_bku_2015-12-01_fo_rep02_sub,12.28445720673,0.92632311583
cod_bku_2015-12-01_fo_rep02_top,7.00922489166,0.55174398422
cod_bku_2015-12-01_fo_rep03_top,11.3689956665,0.9108700156199999
cod_bku_2015-12-01_fo_rep04a_sub,4.89610624313,0.40618795156000004
cod_bku_2015-12-01_fo_rep04a_top,8.62283611298,0.7177845835700001
cod_bku_2015-12-01_fo_rep04b_sub,6.5806021690400005,0.52013838291
cod_bku_2015-12-01_fo_rep04b_top,10.52181911469,0.8637254238100001
cod_djo_sid-c_2016-09_fo_rep01_sl0-10,2.8182509639999997,0.203746889
cod_djo_sid-c_2016-09_fo_rep01_sl10-20,1.524539906,0.110990242
cod_djo_sid-c_2016-09_fo_rep01_sl20-30,0.8621903769999999,0.05345884199999999
cod_djo_sid-c_2016-09_fo_rep01_sl30-50,0.731186464,0.042381662
cod_djo_sid-c_2016-09_fo_rep01_sl50-100,0.775944666,0.042723869
cod_djo_sid-c_2016-09_fo_rep02_sl0-10,2.1506884410000002,0.120278496
cod_djo_sid-c_2016-09_fo_rep02_sl10-20,1.0664450840000002,0.065111361
cod_djo_sid-c_2016-09_fo_rep02_sl20-30,0.93951501,0.052272876
cod_djo_sid-c_2016-09_fo_rep02_sl30-50,0.629335753,0.036445238000000005
cod_djo_sid-c_2016-09_fo_rep02_sl50-100,0.8080405860000001,0.060265051
cod_djo_sid-c_2016-09_fo_rep03_sl0-10,1.301505152,0.08589677700000001
cod_djo_sid-c_2016-09_fo_rep03_sl10-20,1.099190822,0.064135972
cod_djo_sid-c_2016-09_fo_rep03_sl20-30,0.643421731,0.036961504
cod_djo_sid-c_2016-09_fo_rep03_sl30-50,0.434865763,0.026316062
cod_djo_sid-c_2016-09_fo_rep03_sl50-100,0.761319317,0.044209593000000005
cod_djo_sid-c_2016-09_fo_rep04_sl0-10,2.463939233,0.19767155
cod_djo_sid-c_2016-09_fo_rep04_sl10-20,1.265679352,0.076785299
cod_djo_sid-c_2016-09_fo_rep04_sl20-30,0.908867798,0.05497091899999999
cod_djo_sid-c_2016-09_fo_rep04_sl30-50,0.591165144,0.036217579
cod_djo_sid-c_2016-09_fo_rep04_sl50-100,0.757876923,0.051062478
cod_djo_sid-c_2016-09_fo_rep05_sl0-10,2.9998658259999997,0.194226523
cod_djo_sid-c_2016-09_fo_rep05_sl10-20,1.792938336,0.10226650699999999
cod_djo_sid-c_2016-09_fo_rep05_sl20-30,1.108766576,0.05765055
cod_djo_sid-c_2016-09_fo_rep05_sl30-50,0.835653132,0.054535716
cod_djo_sid-c_2016-09_fo_rep05_sl50-100,1.318784744,0.08718709
cod_djo_sid-c_2016-09_fo_rep06_sl0-10,1.907905486,0.140805457
cod_djo_sid-c_2016-09_fo_rep06_sl10-20,1.407578443,0.08209728699999999
cod_djo_sid-c_2016-09_fo_rep06_sl20-30,0.968015533,0.057594242
cod_djo_sid-c_2016-09_fo_rep06_sl30-50,0.649511323,0.045699252
cod_djo_sid-c_2016-09_fo_rep06_sl50-100,0.894415628,0.0740207
cod_djo_sid-c_2016-09_fo_rep07_sl0-10,2.3990055949999998,0.19669181
cod_djo_sid-c_2016-09_fo_rep07_sl10-20,1.284324177,0.088127166
cod_djo_sid-c_2016-09_fo_rep07_sl20-30,1.057887929,0.060764399000000004
cod_djo_sid-c_2016-09_fo_rep07_sl30-50,0.7266856319999999,0.046023672
cod_djo_sid-c_2016-09_fo_rep07_sl50-100,0.666321096,0.036415762000000004
cod_djo_sid-c_2016-09_fo_rep08_sl0-10,1.7232232239999998,0.133280492
cod_djo_sid-c_2016-09_fo_rep08_sl10-20,1.316161857,0.082021327
cod_djo_sid-c_2016-09_fo_rep08_sl20-30,0.939413326,0.056851814
cod_djo_sid-c_2016-09_fo_rep08_sl30-50,0.596499483,0.035999485
cod_djo_sid-c_2016-09_fo_rep08_sl50-100,0.8369090119999999,0.060943589
cod_djo_sid-c_2016-09_fo_rep09_sl0-10,2.043953783,0.10798178700000001
cod_djo_sid-c_2016-09_fo_rep09_sl10-20,1.134530039,0.073282161
cod_djo_sid-c_2016-09_fo_rep09_sl20-30,0.627648503,0.038195563
cod_djo_sid-c_2016-09_fo_rep09_sl30-50,0.660515904,0.042084914
cod_djo_sid-c_2016-09_fo_rep09_sl50-100,0.740057615,0.045817297
cod_djo_sid-c_2016-09_fo_rep10_sl0-10,2.031778913,0.11047454599999999
cod_djo_sid-c_2016-09_fo_rep10_sl10-20,1.07081288,0.049128655
cod_djo_sid-c_2016-09_fo_rep10_sl20-30,0.9804352890000001,0.043312995
cod_djo_sid-c_2016-09_fo_rep10_sl30-50,0.973425508,0.049713607
cod_djo_sid-c_2016-09_fo_rep10_sl50-100,1.112686674,0.059042937
cod_djo_sid-c_2016-09_fo_rep11_sl0-10,0.92664092,0.042454488
cod_djo_sid-c_2016-09_fo_rep11_sl10-20,1.195281701,0.058170102
cod_djo_sid-c_2016-09_fo_rep11_sl20-30,0.370883682,0.017057691
cod_djo_sid-c_2016-09_fo_rep11_sl30-50,0.718121267,0.029630590000000002
cod_djo_sid-c_2016-09_fo_rep11_sl50-100,0.968989198,0.05184654400000001
cod_djo_sid-c_2016-09_fo_rep12_sl0-10,1.8637410410000002,0.086706229
cod_djo_sid-c_2016-09_fo_rep12_sl10-20,1.428138235,0.062493029
cod_djo_sid-c_2016-09_fo_rep12_sl20-30,0.629170774,0.028864859
cod_djo_sid-c_2016-09_fo_rep12_sl30-50,0.56336655,0.025011290000000002
cod_djo_sid-c_2016-09_fo_rep12_sl50-100,0.972247082,0.055310912999999996
cod_djo_sid-c_2016-09_fo_rep13_sl0-10,1.758990907,0.09885258599999999
cod_djo_sid-c_2016-09_fo_rep13_sl10-20,1.6008727600000001,0.089463715
cod_djo_sid-c_2016-09_fo_rep13_sl20-30,1.361051874,0.07380461299999999
cod_djo_sid-c_2016-09_fo_rep13_sl30-50,1.796005453,0.103047217
cod_djo_sid-c_2016-09_fo_rep13_sl50-100,2.844068979,0.1880328
cod_djo_sid-c_2016-09_fo_rep14_sl0-10,0.969244404,0.05940257
cod_djo_sid-c_2016-09_fo_rep14_sl10-20,0.798607668,0.051138563000000005
cod_djo_sid-c_2016-09_fo_rep14_sl20-30,0.607041701,0.036739452
cod_djo_sid-c_2016-09_fo_rep14_sl30-50,0.537071439,0.027816181000000002
cod_djo_sid-c_2016-09_fo_rep14_sl50-100,0.820020588,0.054556499
cod_djo_sid-c_2016-09_fo_rep15_sl0-10,1.2297608629999999,0.07582992200000001
cod_djo_sid-c_2016-09_fo_rep15_sl10-20,0.9065267479999999,0.050090093
cod_djo_sid-c_2016-09_fo_rep15_sl20-30,0.683108663,0.041492493000000005
cod_djo_sid-c_2016-09_fo_rep15_sl30-50,0.804420031,0.048330163999999995
cod_djo_sid-c_2016-09_fo_rep15_sl50-100,0.820109916,0.061404953
cod_djo_sid-d_2016-09_ag_rep001_sl0-20,1.13470147364,0.07737906725
cod_djo_sid-d_2016-09_ag_rep002_sl0-20,0.71393052084,0.04256499997
cod_djo_sid-d_2016-09_ag_rep003_sl0-20,1.2291906514800002,0.07598393603
cod_djo_sid-d_2016-09_ag_rep004_sl0-20,2.07298429808,0.15153655079
cod_djo_sid-d_2016-09_ag_rep005_sl0-20,0.9538482082599999,0.05971197955
cod_djo_sid-d_2016-09_ag_rep006_sl0-20,2.02607707644,0.15076959543
cod_djo_sid-d_2016-09_ag_rep007_sl0-20,3.1388162705,0.18583565048
cod_djo_sid-d_2016-09_ag_rep008_sl0-20,1.40224612568,0.08303599049
cod_djo_sid-d_2016-09_ag_rep009_sl0-20,1.24259955508,0.09412018266
cod_djo_sid-d_2016-09_ag_rep010_sl0-20,1.8987990103099999,0.12899061668
cod_djo_sid-d_2016-09_ag_rep012_sl0-20,0.80925006263,0.05277597661
cod_djo_sid-d_2016-09_ag_rep013_sl0-20,0.9200407222799999,0.05934702206
cod_djo_sid-d_2016-09_ag_rep014_sl0-20,1.6619349058800001,0.131511867
cod_djo_sid-d_2016-09_ag_rep015_sl0-20,2.45203930478,0.18647164499
cod_djo_sid-d_2016-09_ag_rep016_sl0-20,2.27695701722,0.18855380972
cod_djo_sid-d_2016-09_ag_rep017_sl0-20,1.15953862079,0.08319079854
cod_djo_sid-d_2016-09_ag_rep018_sl0-20,2.40331524133,0.20557507643
cod_djo_sid-d_2016-09_ag_rep019_sl0-20,1.4670238710799999,0.09586885304000001
cod_djo_sid-d_2016-09_ag_rep020_sl0-20,1.28669756662,0.08091094101
cod_djo_sid-d_2016-09_ag_rep021_sl0-20,1.61310227862,0.11450380526
cod_djo_sid-d_2016-09_ag_rep022_sl0-20,4.74197106261,0.39429980715
cod_djo_sid-d_2016-09_ag_rep023_sl0-20,1.85684795658,0.13519388852
cod_djo_sid-d_2016-09_ag_rep024_sl0-20,1.2831723564800002,0.07755428573
cod_djo_sid-d_2016-09_ag_rep025_sl0-20,2.97381705134,0.26079020891
cod_djo_sid-d_2016-09_ag_rep026_sl0-20,2.10625999201,0.16597768449
cod_djo_sid-d_2016-09_ag_rep027_sl0-20,1.36861177581,0.11122239634
cod_djo_sid-d_2016-09_ag_rep028_sl0-20,3.13282527611,0.27230782216
cod_djo_sid-d_2016-09_ag_rep029_sl0-20,1.14413471158,0.09066525305
cod_djo_sid-d_2016-09_ag_rep030_sl0-20,4.2132592653400005,0.34096108956000004
cod_djo_sid-d_2016-09_ag_rep031_sl0-20,1.12040651977,0.08057576364999999
cod_djo_sid-d_2016-09_ag_rep032_sl0-20,2.61170089098,0.24141431341000003
cod_djo_sid-d_2016-09_ag_rep033_sl0-20,1.84401077956,0.15064977121
cod_djo_sid-d_2016-09_ag_rep034_sl0-20,2.5473153385500003,0.22009321808
cod_djo_sid-d_2016-09_ag_rep035_sl0-20,1.57648208892,0.13466501132
cod_djo_sid-d_2016-09_ag_rep036_sl0-20,1.88663946886,0.11647752873999999
cod_djo_sid-d_2016-09_ag_rep040_sl0-20,2.5024910859,0.1811658097
cod_djo_sid-d_2016-09_ag_rep041_sl0-20,1.00838368885,0.08742366187
cod_djo_sid-d_2016-09_ag_rep042_sl0-20,1.17613253651,0.08848537863
cod_djo_sid-d_2016-09_ag_rep043_sl0-20,2.27731124922,0.18281531568
cod_djo_sid-d_2016-09_ag_rep045_sl0-20,2.3863349769399997,0.1990071454
cod_djo_sid-d_2016-09_ag_rep046_sl0-20,1.30496155765,0.09051904706
cod_djo_sid-d_2016-09_ag_rep048_sl0-20,1.21772029516,0.10457051637999999
cod_djo_sid-d_2016-09_ag_rep049_sl0-20,0.97106263811,0.06994577259
cod_djo_sid-d_2016-09_ag_rep050_sl0-20,2.89989440754,0.17901392575
cod_djo_sid-d_2016-09_ag_rep051_sl0-20,1.98691316133,0.18845538879999998
cod_djo_sid-d_2016-09_ag_rep052_sl0-20,2.16436258501,0.13877578159999998
cod_djo_sid-d_2016-09_ag_rep053_sl0-20,1.6197295719300002,0.14823754452
cod_djo_sid-d_2016-09_ag_rep054_sl0-20,1.58979146518,0.12835957173999998
cod_djo_sid-d_2016-09_ag_rep055_sl0-20,1.2840915174199998,0.0908685695
cod_djo_sid-d_2016-09_ag_rep056_sl0-20,1.3146648861799999,0.12019761563
cod_djo_sid-d_2016-09_ag_rep057_sl0-20,1.67882948399,0.15979017364
cod_djo_sid-d_2016-09_ag_rep059_sl0-20,2.24846752106,0.19931355396
cod_djo_sid-d_2016-09_ag_rep061_sl0-20,0.88116394506,0.061801966900000005
cod_djo_sid-d_2016-09_ag_rep062_sl0-20,1.7898706174,0.16254059335999999
cod_djo_sid-d_2016-09_ag_rep063_sl0-20,1.6923420039,0.14270873039
cod_djo_sid-d_2016-09_ag_rep064_sl0-20,2.4371906027800003,0.14902933222
cod_djo_sid-d_2016-09_ag_rep065_sl0-20,3.58419414369,0.29905144372
cod_djo_sid-d_2016-09_ag_rep066_sl0-20,2.22591184015,0.14955590877
cod_djo_sid-d_2016-09_ag_rep067_sl0-20,2.74413882306,0.21426705181
cod_djo_sid-d_2016-09_ag_rep070_sl0-20,1.21892853339,0.10687249167999999
cod_djo_sid-d_2016-09_ag_rep071_sl0-20,1.5175948695900001,0.11732873114
cod_djo_sid-d_2016-09_ag_rep072_sl0-20,0.96240245773,0.08236520357
cod_djo_sid-d_2016-09_ag_rep073_sl0-20,1.7242563100800001,0.12868968782
cod_djo_sid-d_2016-09_ag_rep075_sl0-20,1.27398806955,0.09783818681
cod_djo_sid-d_2016-09_ag_rep076_sl0-20,1.78806547933,0.14028850545
cod_djo_sid-d_2016-09_ag_rep079_sl0-20,1.78934653033,0.1495285093
cod_djo_sid-d_2016-09_ag_rep080_sl0-20,0.87747570581,0.07389143694
cod_djo_sid-d_2016-09_ag_rep081_sl0-20,0.8005263205300001,0.0673351361
cod_djo_sid-d_2016-09_ag_rep082_sl0-20,0.77969606465,0.07267653454
cod_djo_sid-d_2016-09_ag_rep083_sl0-20,1.07968356242,0.08439936927
cod_djo_sid-d_2016-09_ag_rep084_sl0-20,1.28197514613,0.11778715846000001
cod_djo_sid-d_2016-09_ag_rep086_sl0-20,1.26880928296,0.11617507915
cod_djo_sid-d_2016-09_ag_rep087_sl0-20,3.22905948791,0.21165681207000003
cod_djo_sid-d_2016-09_ag_rep088_sl0-20,2.24908208979,0.20493619021999998
cod_djo_sid-d_2016-09_ag_rep089_sl0-20,1.11154793015,0.10467414206
cod_djo_sid-d_2016-09_ag_rep090_sl0-20,2.4309516963099997,0.20019115521000003
cod_djo_sid-d_2016-09_ag_rep092_sl0-20,2.271373784,0.16269127313
cod_djo_sid-d_2016-09_ag_rep093_sl0-20,3.53065062367,0.26879757832
cod_djo_sid-d_2016-09_ag_rep094_sl0-20,2.52657642444,0.19766673141
cod_djo_sid-d_2016-09_ag_rep095_sl0-20,2.27349165782,0.19367874259
cod_djo_sid-d_2016-09_ag_rep097_sl0-20,2.02956111757,0.16630571848
cod_djo_sid-d_2016-09_ag_rep098_sl0-20,2.0068815242799998,0.14090646948000002
cod_djo_sid-d_2016-09_ag_rep099_sl0-20,1.1993071614,0.08992997938
cod_djo_sid-d_2016-09_ag_rep101_sl0-20,1.41306018586,0.10376552981
cod_djo_sid-d_2016-09_ag_rep102_sl0-20,2.15194878915,0.16247894542000002
cod_djo_sid-d_2016-09_ag_rep103_sl0-20,1.22828320629,0.07481862378000001
cod_djo_sid-d_2016-09_ag_rep107_sl0-20,2.34786188056,0.16547539869
cod_djo_sid-d_2016-09_ag_rep108_sl0-20,1.44203818278,0.11368885740000001
cod_djo_sid-d_2016-09_ag_rep109_sl0-20,1.72405900092,0.28334603961
cod_djo_sid-d_2016-09_ag_rep111_sl0-20,2.36086858691,0.16427094962
cod_djo_sid-d_2016-09_ag_rep112_sl0-20,2.6738313060100003,0.2476673298
cod_djo_sid-d_2016-09_ag_rep113_sl0-20,1.48780719427,0.12588172891
cod_djo_sid-d_2016-09_ag_rep114_sl0-20,1.24363483266,0.10010068912
cod_djo_sid-d_2016-09_ag_rep115_sl0-20,1.7463007411300002,0.16829488294
cod_djo_sid-d_2016-09_ag_rep116_sl0-20,1.4402453554699999,0.14014048442
cod_djo_sid-d_2016-09_ag_rep117_sl0-20,1.16336856865,0.10282245421
cod_djo_sid-d_2016-09_ag_rep119_sl0-20,1.66756022135,0.13501202861
cod_djo_sid-d_2016-09_ag_rep120_sl0-20,2.62300917583,0.2277455152
cod_djo_sid-d_2016-09_ag_rep121_sl0-20,1.50044399963,0.1288738438
cod_djo_sid-d_2016-09_ag_rep122_sl0-20,0.80799115744,0.06397655986
cod_djo_sid-d_2016-09_ag_rep123_sl0-20,3.4190574175099995,0.3109675257
cod_djo_sid-d_2016-09_ag_rep124_sl0-20,1.8488688654899998,0.16874020524
cod_djo_sid-d_2016-09_ag_rep125_sl0-20,1.51363805051,0.10563598094
cod_kbg_2018-03-29_ag_rep001_sl0-5,13.225504439759998,0.94443413946
cod_kbg_2018-03-29_ag_rep001_sl5-20,8.35432289315,0.60948943577
cod_kbg_2018-03-29_ag_rep002_sl0-5,6.937947286489999,0.55594560718
cod_kbg_2018-03-29_ag_rep002_sl5-20,5.99154045659,0.48468302809999997
cod_kbg_sid-e_2018-03_fo_rep07_sl0-5,12.07728836238,1.08732800741
cod_kbg_sid-e_2018-03_fo_rep08_sl0-5,16.15371012372,1.50161621374
cod_kbg_sid-e_2018-03_fo_rep09_sl0-5,14.83076197711,1.33045438698
cod_kbg_sid-e_2018-03_fo_rep10_sl0-5,9.748281305659999,0.87585731979
cod_kbg_sid-e_2018-03_fo_rep11_sl0-5,17.32121923663,1.32085905485
cod_kbg_sid-e_2018-03_fo_rep12_sl0-5,14.48137110626,1.18357694733
cod_lub_rep01,0.9389,0.10540000000000001
cod_lub_rep02,0.9939,0.067
cod_lub_rep03,1.042,0.1051
cod_lub_rep04,1.266,0.1217
cod_lub_rep05,1.058,0.0726
cod_lub_rep06,0.704,0.068
cod_lub_rep07,1.048,0.0869
cod_lub_rep08,0.7262,0.0573
cod_lub_rep09,1.192,0.07680000000000001
cod_lub_rep10,1.5150000000000001,0.0873
cod_lub_rep11,1.143,0.0721
cod_lub_rep12,0.7123,0.0534
cod_lub_rep13,0.7147,0.0748
cod_lub_rep14,1.668,0.1041
cod_lub_rep15,1.61,0.0725
cod_lub_rep16,0.7445,0.0972
cod_lub_rep17,2.4850000000000003,0.1261
cod_lub_rep18,1.0539999999999998,0.1607
cod_lub_rep19,1.369,0.1338
cod_lub_rep20,0.8715999999999999,0.101
cod_lub_rep21,2.439,0.1467
cod_lub_rep22,1.8559999999999999,0.1256
cod_lub_rep23,2.664,0.14379999999999998
cod_lub_rep24,1.262,0.0843
cod_lub_rep25,2.3329999999999997,0.1214
cod_ygb_sid-f_2015-02_ar_rep04-1_sl5-10,1.3699999999999999,0.1
cod_ygb_sid-f_2015-02_ar_rep05-1_sl5-10,1.55,0.12
cod_ygb_sid-f_2015-02_ar_rep05-3_sl5-10,1.52,0.1
cod_ygb_sid-f_2015-02_ar_rep06-1_sl5-10,1.08,0.08
cod_ygb_sid-f_2015-02_ar_rep06-9_sl5-10,1.1099999999999999,0.06999999999999999
cod_ygb_sid-f_2015-02_ar_rep07-2_sl5-10,0.77,0.06
cod_ygb_sid-f_2015-02_ar_rep08-1_sl5-10,1.1800000000000002,0.08
cod_ygb_sid-f_2015-02_ar_rep09-9_sl5-10,0.9099999999999999,0.08
cod_ygb_sid-f_2015-02_ar_rep10-2_sl5-10,1.95,0.15
cod_ygb_sid-f_2015-02_ar_rep11-3_sl5-10,0.8,0.06999999999999999
cod_ygb_sid-f_2015-02_ar_rep12-2_sl5-10,1.34,0.1
cod_ygb_sid-f_2015-02_ar_rep13-2_sl5-10,1.4,0.11000000000000001
cod_ygb_sid-f_2015-02_ar_rep14-1_sl5-10,1.4,0.09
cod_ygb_sid-f_2015-02_ar_rep15-2_sl5-10,1.6800000000000002,0.12
cod_ygb_sid-f_2015-02_ar_rep17-3_sl5-10,1.42,0.11000000000000001
cod_ygb_sid-f_2015-02_ar_rep18-1_sl5-10,1.23,0.09
cod_ygb_sid-f_2015-02_ar_rep18-8_sl5-10,1.04,0.08
cod_ygb_sid-f_2015-02_ar_rep19-4_sl5-10,1.0699999999999998,0.09
cod_ygb_sid-f_2015-02_ar_rep20-1_sl5-10,1.59,0.11000000000000001
cod_ygb_sid-f_2015-02_ar_rep21-2_sl5-10,1.1,0.08
cod_ygb_sid-f_2015-02_ar_rep21-5_sl5-10,0.99,0.08
cod_ygb_sid-f_2015-02_ar_rep22-7_sl5-10,1.3199999999999998,0.1
cod_ygb_sid-f_2015-02_ar_rep23-3_sl5-10,0.8,0.06999999999999999
cod_ygb_sid-f_2015-02_ar_rep23-5_sl5-10,0.79,0.06999999999999999
cod_ygb_sid-f_2015-02_ar_rep25-3_sl5-10,0.8099999999999999,0.06
cod_ygb_sid-f_2015-02_ar_rep25-5_sl5-10,0.82,0.06
cod_ygb_sid-f_2015-02_ar_rep26-2_sl5-10,2.13,0.12
cod_ygb_sid-f_2015-02_ar_rep26-4_sl5-10,1.28,0.1
cod_ygb_sid-f_2015-02_ar_rep27-4_sl5-10,1.35,0.1
cod_ygb_sid-f_2015-02_ar_rep28-1_sl5-10,1.8,0.1
cod_ygb_sid-f_2015-02_ar_rep28-3_sl5-10,1.24,0.06999999999999999
cod_ygb_sid-f_2015-02_ar_rep29-1_sl5-10,1,0.08
cod_ygb_sid-f_2015-02_ar_rep29-4_sl5-10,1.1400000000000001,0.06999999999999999
cod_ygb_sid-g_2012-04_fo_rep01_sl0-10,NA,0.16999999999999998
cod_ygb_sid-g_2012-04_fo_rep01_sl10-20,NA,0.095
cod_ygb_sid-g_2012-04_fo_rep01_sl20-30,NA,0.10500000000000001
cod_ygb_sid-g_2012-04_fo_rep01_sl30-50,NA,0.06999999999999999
cod_ygb_sid-g_2012-04_fo_rep01_sl50-100,NA,0.04
cod_ygb_sid-g_2012-04_fo_rep02_sl0-10,NA,0.13
cod_ygb_sid-g_2012-04_fo_rep02_sl10-20,NA,0.06999999999999999
cod_ygb_sid-g_2012-04_fo_rep02_sl20-30,NA,0.06999999999999999
cod_ygb_sid-g_2012-04_fo_rep02_sl30-50,NA,0.04
cod_ygb_sid-g_2012-04_fo_rep02_sl50-100,NA,0.02
cod_ygb_sid-g_2012-04_fo_rep03_sl0-10,NA,0.1
cod_ygb_sid-g_2012-04_fo_rep03_sl10-20,NA,0.06999999999999999
cod_ygb_sid-g_2012-04_fo_rep03_sl20-30,NA,0.05500000000000001
cod_ygb_sid-g_2012-04_fo_rep03_sl30-50,NA,0.04
cod_ygb_sid-g_2012-04_fo_rep03_sl50-100,NA,0.03
cod_ygb_sid-g_2012-04_fo_rep04_sl0-10,1.4831040823800001,0.11225682443
cod_ygb_sid-g_2012-04_fo_rep04_sl10-20,0.87184931708,0.07214930933
cod_ygb_sid-g_2012-04_fo_rep04_sl20-30,1.0172355186800002,0.07490269044
cod_ygb_sid-g_2012-04_fo_rep04_sl30-50,0.57020930287,0.045566316759999996
cod_ygb_sid-g_2012-04_fo_rep04_sl50-100,0.40022638687,0.03245990652
cod_ygb_sid-g_2012-04_fo_rep05_sl0-10,2.52264570184,0.18597803048
cod_ygb_sid-g_2012-04_fo_rep05_sl10-20,1.45523461605,0.10931287376000001
cod_ygb_sid-g_2012-04_fo_rep05_sl20-30,1.29528955975,0.09853865047
cod_ygb_sid-g_2012-04_fo_rep05_sl30-50,0.58686487408,0.04967064425
cod_ygb_sid-g_2012-04_fo_rep05_sl50-100,0.49640342681,0.04224318389
cod_ygb_sid-g_2012-04_fo_rep06_sl0-10,2.2492081602500003,0.16219116611
cod_ygb_sid-g_2012-04_fo_rep06_sl10-20,2.3163513946,0.15155146021000002
cod_ygb_sid-g_2012-04_fo_rep06_sl20-30,1.32921724434,0.09038003482
cod_ygb_sid-g_2012-04_fo_rep06_sl30-50,0.9557944282699999,0.058901108199999996
cod_ygb_sid-g_2012-04_fo_rep06_sl50-100,0.58754967054,0.03292325242
cod_ygb_sid-g_2012-04_fo_rep07_sl0-10,2.7472859004899997,0.18375103818
cod_ygb_sid-g_2012-04_fo_rep07_sl10-20,1.01818995038,0.06674382988000001
cod_ygb_sid-g_2012-04_fo_rep07_sl20-30,1.53888222895,0.10106525874000001
cod_ygb_sid-g_2012-04_fo_rep07_sl30-50,0.87898838194,0.053494551109999997
cod_ygb_sid-g_2012-04_fo_rep07_sl50-100,0.46684460202,0.0290470138
cod_ygb_sid-g_2012-04_fo_rep08_sl0-10,1.94430946103,0.13141273153
cod_ygb_sid-g_2012-04_fo_rep08_sl10-20,0.9768979480100001,0.06694580761999999
cod_ygb_sid-g_2012-04_fo_rep08_sl20-30,0.73028993149,0.050676272700000004
cod_ygb_sid-g_2012-04_fo_rep08_sl30-50,0.66518689875,0.03840746338
cod_ygb_sid-g_2012-04_fo_rep08_sl50-100,0.47370254007,0.02679811589
cod_yok_sid-e_2018-03_fo_rep01_sl0-5,2.21950576609,0.14173874097
cod_yok_sid-e_2018-03_fo_rep02_sl0-5,1.65208454146,0.12674121929999999
cod_yok_sid-e_2018-03_fo_rep03_sl0-5,1.36295870503,0.09366088941
cod_yok_sid-e_2018-03_fo_rep04_sl0-5,1.81150777954,0.12549992839
cod_yok_sid-e_2018-03_fo_rep05_sl0-5,3.4940796716599998,0.21465767497
cod_yok_sid-e_2018-03_fo_rep06_sl0-5,2.99901645297,0.20796678753000003
ctr_in_arar_20,1.087,0.0889
ctr_in_arar_50,0.6950000000000001,0.0707
ctr_in_mcar_20,0.9846999999999999,0.0809
ctr_in_mcar_50,0.6299,0.0615
ctr_in_mcmc_20,0.9160999999999999,0.0945
ctr_in_mcmc_50,0.5529,0.064
ctr_in_mcms_20,1.114,0.0987
ctr_in_mcms_50,0.5846,0.0546
ctr_in_mcnb_20,1.254,0.10089999999999999
ctr_in_mcnb_50,0.7190000000000001,0.0697
ctr_in_mcrz_20,1.042,0.09469999999999999
ctr_in_mcrz_50,0.5055,0.055700000000000006
ctr_in_mmnb_20,1.0210000000000001,0.0858
ctr_in_mmnb_50,0.6623,0.0653
ctr_in_msms_20,1.315,0.10980000000000001
ctr_in_msms_50,0.5844,0.0511
ctr_in_nbnb_20,0.9558,0.086
ctr_in_nbnb_50,0.5522,0.06520000000000001
ctr_in_rzrz_20,0.9400000000000001,0.0762
ctr_in_rzrz_50,0.5655,0.0558
ctr_ni_arar_20,1.133,0.0862
ctr_ni_arar_50,0.5,0.041999999999999996
ctr_ni_mcar_20,1.546,0.11220000000000001
ctr_ni_mcar_50,0.5572,0.0426
ctr_ni_mcmc_20,0.8922000000000001,0.06939999999999999
ctr_ni_mcmc_50,0.5734,0.0507
ctr_ni_mcms_20,0.9757,0.0769
ctr_ni_mcms_50,0.6167,0.057199999999999994
ctr_ni_mcnb_20,1.099,0.09230000000000001
ctr_ni_mcnb_50,0.6083999999999999,0.0606
ctr_ni_mcrz_20,0.769,0.0591
ctr_ni_mcrz_50,0.6637,0.0491
ctr_ni_mmnb_20,0.8449,0.060899999999999996
ctr_ni_mmnb_50,0.5094000000000001,0.048
ctr_ni_msms_20,0.6768,0.0593
ctr_ni_msms_50,0.5118,0.0486
ctr_ni_nbnb_20,1.217,0.101
ctr_ni_nbnb_50,0.5027999999999999,0.0441
ctr_ni_rzrz_20,0.9846,0.0794
ctr_ni_rzrz_50,0.5175,0.0484
DRCPL10C1,3.6886326471964503,0.297821491956711
DRCPL10C10,1.07526417573293,0.122246066729228
DRCPL10C4,1.7592039108276398,0.174760907888412
DRCPL10C7,1.3506475687027,0.144610404968262
DRCPL11C1,4.06246431668599,0.32220011949539196
DRCPL11C4,1.39245057106018,0.144601747393608
DRCPL11C7,0.731498599052429,0.100632555782795
DRCPL12C1,3.53981065750122,0.289510756731033
DRCPL12C4,1.22195196151733,0.125878274440765
DRCPL12C7,0.597797513008118,0.072562918066979
DRCPL16C1,3.5126793384552,0.266353458166122
DRCPL16C10,1.07148838043213,0.112981277207534
DRCPL16C4,2.9921178817748997,0.229793190956116
DRCPL16C7,1.05388748645782,0.115216553211212
DRCPL17C1,2.63030791282654,0.191367372870445
DRCPL17C10,0.620948493480682,0.068499080836773
DRCPL17C4,1.2866393327713,0.111154332756996
DRCPL17C7,0.726660251617432,0.076995261013508
DRCPL1C1,4.59939750035604,0.357420672972997
DRCPL1C10,1.1001241207122798,0.109718605875969
DRCPL1C4,3.03361511230469,0.23843735456466703
DRCPL1C7,1.64375138282776,0.150783648093542
DRCPL25C1,3.44838953018188,0.297626793384552
DRCPL25C4,2.15651782353719,0.163683985670408
DRCPL25C7,0.788004517555237,0.079258427023888
DRCPL28C1,2.8319873809814498,0.220326706767082
DRCPL28C10,1.5371134281158398,0.12425247579813
DRCPL28C4,2.5951631863911997,0.194109057386716
DRCPL28C7,1.13035011291504,0.107788987457752
DRCPL30C1,2.57084560394287,0.224893450737
DRCPL30C10,0.978874146938324,0.102531738579273
DRCPL30C4,1.87354302406311,0.161359503865242
DRCPL30C7,0.9992265701293951,0.107627466320992
DRCPL32C1,1.9756305217742898,0.143741607666016
DRCPL32C10,1.476726770401,0.092593029141426
DRCPL32C4,2.10996317863464,0.142091900110245
DRCPL32C7,1.58498148123423,0.095311515033245
DRCPL34C1,2.4848768711090097,0.21547958254814098
DRCPL34C10,1.07257378101349,0.10453956574201599
DRCPL34C4,1.43084692955017,0.13366803526878399
DRCPL34C7,0.8546755909919741,0.082670852541924
DRCPL3C1,4.74316310882568,0.365163952112198
DRCPL3C10,1.21140742301941,0.11468547582626301
DRCPL3C4,3.44513010978699,0.25571084022522
DRCPL3C7,1.55991816520691,0.138014167547226
DRCPL7C1,3.2173890272776298,0.21852823098500598
DRCPL7C4,1.44830179214478,0.11591170728206598
DRCPL7C7,0.6417215069135029,0.074708399673303
DRCPL8C1,3.8091952800750697,0.270385205745697
DRCPL8C4,1.83283615112305,0.145108863711357
DRCPL8C7,1.30978989601135,0.111256495118141
icr008305,3.218,0.2646
icr008306,3.4240000000000004,0.2758
icr008307,2.884,0.24
icr008308,3.191,0.27349999999999997
icr008309,2.57,0.22240000000000001
icr008310,1.9460000000000002,0.1907
icr008312,1.4369999999999998,0.1541
icr008313,0.8791,0.11180000000000001
icr008315,2.484,0.23490000000000003
icr008316,4.327,0.3492
icr008317,2.896,0.2517
icr008318,4.398,0.3601
icr008319,2.3449999999999998,0.19019999999999998
icr008320,2.198,0.192
icr008322,3.009,0.24209999999999998
icr008323,2.573,0.20670000000000002
icr008324,4.241,0.2874
icr008325,1.7879999999999998,0.1609
icr008326,2.516,0.1876
icr008327,1.818,0.14379999999999998
icr008329,2.654,0.1898
icr008330,3.78,0.2747
icr008331,3.937,0.2439
icr008332,2.728,0.24169999999999997
icr008333,2.2800000000000002,0.2137
icr008334,5.419,0.4431
icr008336,3.404,0.2681
icr008338,3.1100000000000003,0.2646
icr008340,3.3020000000000005,0.2646
icr008342,3.29,0.27080000000000004
icr008343,1.8820000000000001,0.1845
icr008344,4.8,0.38330000000000003
icr008345,3.652,0.2878
icr008346,1.8239999999999998,0.1675
icr008347,2.491,0.2164
icr008349,3.499,0.2481
icr008350,3.936,0.33540000000000003
icr008351,7.334999999999999,0.46040000000000003
icr008352,2.748,0.2031
icr008353,4.678,0.4192
icr008354,3.643,0.3047
icr008355,3.289,0.26539999999999997
icr008356,2.952,0.238
icr008357,5.567,0.4205
icr008358,4.454,0.3545
icr008359,7.249,0.4326
icr008360,4.9030000000000005,0.3177
icr008361,2.449,0.18209999999999998
icr008364,1.8989999999999998,0.18680000000000002
icr008368,2.21,0.1777
icr008370,8.531,0.5777
icr008387,3.8520000000000003,0.2556
icr008393,7.43,0.6771
icr008394,5.061,0.3365
icr008403,3.162,0.2444
icr008409,2.69,0.2363
icr008413,1.762,0.3096
icr008417,2.629,0.2172
icr008420,2.448,0.24300000000000002
icr008421,4.106,0.346
icr008424,2.838,0.22810000000000002
icr008426,3.025,0.2327
icr008427,2.7649999999999997,0.20600000000000002
icr008431,5.603,0.3721
icr008434,2.055,0.20259999999999997
icr008436,2.778,0.2022
icr008437,5.882,0.4711
icr008442,5.401,0.4043
icr008443,2.643,0.21190000000000003
icr008447,2.2190000000000003,0.1851
icr008451,1.355,0.1419
icr008455,3.222,0.2366
icr008457,2.498,0.2435
icr008459,3.21,0.2189
icr008465,5.154999999999999,0.42069999999999996
icr008467,2.557,0.2326
icr008470,4.082,0.30169999999999997
icr008482,18.21,1.463
icr008485,2.575,0.2253
icr008486,2.495,0.20459999999999998
icr008487,4.38,0.358
icr008495,2.318,0.17070000000000002
icr008499,3.2649999999999997,0.24769999999999998
icr008501,3.62,0.2974
icr008510,2.5629999999999997,0.1861
icr008516,2.104,0.1575
icr008518,2.541,0.2142
icr008519,3.5509999999999997,0.2484
icr008520,4.993,0.38439999999999996
icr008524,0.9391999999999999,0.1157
icr008526,2.9739999999999998,0.22349999999999998
icr008529,4.093,0.3805
icr008530,3.9200000000000004,0.3282
icr008533,2.832,0.19039999999999999
icr008536,1.393,0.1049
icr008539,1.972,0.1441
icr008541,3.221,0.2378
icr048171,3.9490000000000003,0.3266
icr048182,2.729,0.19970000000000002
icr048185,1.8,0.1432
icr048186,2.991,0.1875
icr048191,2.769,0.2354
icr048195,0.9125,0.1309
icr048201,1.029,0.1333
icr048204,2.527,0.2334
icr048209,1.1640000000000001,0.1083
icr048210,4.358,0.2672
icr048213,3.54,0.2502
icr048218,3.4939999999999998,0.2512
icr048220,2.5260000000000002,0.1833
icr048223,5.785,0.4746
icr048227,3.566,0.29500000000000004
icr048228,1.558,0.1394
icr048230,1.964,0.1631
icr048235,3.5729999999999995,0.2923
icr048257,2.3120000000000003,0.2232
icr048272,2.551,0.2023
icr048276,2.176,0.1715
icr048278,2.168,0.14350000000000002
icr048290,4.2299999999999995,0.3646
icr048296,3.249,0.2557
icr048297,2.206,0.18580000000000002
icr048316,2.231,0.1695
icr048318,3.145,0.24359999999999998
icr048332,4.098,0.32999999999999996
icr048333,2.7359999999999998,0.2373
icr048337,5.554,0.43019999999999997
icr048339,5.784000000000001,0.48319999999999996
icr048340,1.956,0.1814
icr048341,3.646,0.2973
icr048364,2.444,0.1551
icr048369,3.96,0.2848
icr048375,3.163,0.1911
icr048388,2.169,0.1766
icr048390,2.222,0.1484
icr048393,3.4539999999999997,0.2313
icr048400,1.3539999999999999,0.13899999999999998
icr048417,1.706,0.1285
icr048418,3.3950000000000005,0.2585
icr048419,1.246,0.1051
icr048421,2.809,0.1832
icr048424,4.072,0.2821
icr048426,3.022,0.22149999999999997
icr048431,7.2299999999999995,0.5158
icr048442,1.342,0.1156
icr048444,4.05,0.2984
icr048446,3.472,0.21600000000000003
ili_in_arar_20,1.168,0.0794
ili_in_arar_50,0.7968,0.060899999999999996
ili_in_mcar_20,1.386,0.0912
ili_in_mcar_50,0.6483,0.0521
ili_in_mcmc_20,1.288,0.0922
ili_in_mcmc_50,0.8349,0.0619
ili_in_mcms_20,1.357,0.0907
ili_in_mcms_50,0.9364000000000001,0.05620000000000001
ili_in_mcnb_20,1.488,0.0925
ili_in_mcnb_50,0.7466,0.0531
ili_in_mcrz_20,1.471,0.0926
ili_in_mcrz_50,0.8571,0.05500000000000001
ili_in_mmnb_20,1.8679999999999999,0.1296
ili_in_mmnb_50,0.7775000000000001,0.053500000000000006
ili_in_msms_20,1.117,0.0738
ili_in_msms_50,0.6094999999999999,0.0376
ili_in_nbnb_20,1.364,0.09090000000000001
ili_in_nbnb_50,0.4728,0.0315
ili_in_rzrz_20,0.9188000000000001,0.055200000000000006
ili_in_rzrz_50,0.6599999999999999,0.041999999999999996
ili_ni_arar_20,0.7344,0.053500000000000006
ili_ni_arar_50,1.444,0.10769999999999999
ili_ni_mcar_20,1.143,0.0831
ili_ni_mcar_50,0.8009999999999999,0.0619
ili_ni_mcmc_20,1.673,0.1233
ili_ni_mcmc_50,0.6041000000000001,0.0442
ili_ni_mcms_20,1.15,0.0994
ili_ni_mcms_50,0.47050000000000003,0.0446
ili_ni_mcnb_20,1.067,0.0841
ili_ni_mcnb_50,0.4993,0.045700000000000005
ili_ni_mcrz_20,1.473,0.0987
ili_ni_mcrz_50,0.5178,0.042499999999999996
ili_ni_mmnb_20,1.762,0.1251
ili_ni_mmnb_50,0.8808,0.0661
ili_ni_msms_20,0.8275,0.0573
ili_ni_msms_50,0.5406,0.0448
ili_ni_nbnb_20,1.2269999999999999,0.0776
ili_ni_nbnb_50,0.8569000000000001,0.0649
ili_ni_rzrz_20,1.3,0.0958
ili_ni_rzrz_50,0.57375,0.0395
ili_s0_arar_20,1.24,0.0857
ili_s0_arar_50,0.99655,0.06975
ili_s0_mcar_20,1.4265,0.10569999999999999
ili_s0_mcar_50,1.06,0.0749
ili_s0_mcmc_20,1.346,0.1014
ili_s0_mcmc_50,1.218,0.0895
ili_s0_mcms_20,1.472,0.0901
ili_s0_mcms_50,1.395,0.0842
ili_s0_mcrz_20,1.634,0.10780000000000001
ili_s0_mcrz_50,1.008,0.0617
ili_s0_msms_20,1.295,0.0769
ili_s0_msms_50,1.2710000000000001,0.0744
ili_s0_rzrz_20,1.566,0.096
ili_s0_rzrz_50,1.165,0.06889999999999999
ili_s1_arar_20,1.786,0.1264
ili_s1_arar_50,1.133,0.0763
ili_s1_mcar_20,1.242,0.0847
ili_s1_mcar_50,1.076,0.0817
ili_s1_mcmc_20,2.05,0.15760000000000002
ili_s1_mcmc_50,1.473,0.10669999999999999
ili_s1_mcms_20,1.286,0.0955
ili_s1_mcms_50,0.8499000000000001,0.0663
ili_s1_mcrz_20,1.498,0.1093
ili_s1_mcrz_50,1.169,0.0814
ili_s1_msms_20,1.492,0.11410000000000001
ili_s1_msms_50,1.127,0.0892
ili_s1_rzrz_20,1.998,0.1318
ili_s1_rzrz_50,1.276,0.0842
ili_s2_arar_20,1.405,0.101
ili_s2_arar_50,0.9269999999999999,0.0735
ili_s2_mcar_20,1.518,0.1202
ili_s2_mcar_50,1.084,0.0805
ili_s2_mcmc_20,1.247,0.0988
ili_s2_mcmc_50,1.551,0.12490000000000001
ili_s2_mcms_20,1.492,0.1079
ili_s2_mcms_50,1.28,0.0999
ili_s2_mcrz_20,2.353,0.1377
ili_s2_mcrz_50,1.144,0.0765
ili_s2_msms_20,1.793,0.11610000000000001
ili_s2_msms_50,1.209,0.0844
ili_s2_rzrz_20,1.24,0.0814
ili_s2_rzrz_50,1.011,0.0712
ili_s3_arar_20,1.204,0.08120000000000001
ili_s3_arar_50,0.9651,0.07880000000000001
ili_s3_mcar_20,1.763,0.1298
ili_s3_mcar_50,1.351,0.0955
ili_s3_mcmc_20,1.165,0.0867
ili_s3_mcmc_50,0.9827999999999999,0.08070000000000001
ili_s3_mcms_20,2.1420000000000003,0.1416
ili_s3_mcms_50,1.2730000000000001,0.0858
ili_s3_mcrz_20,1.428,0.0992
ili_s3_mcrz_50,1.154,0.07880000000000001
ili_s3_msms_20,1.293,0.0949
ili_s3_msms_50,0.9465999999999999,0.0766
ili_s3_rzrz_20,1.762,0.12490000000000001
ili_s3_rzrz_50,1.226,0.0874
KBPL10C1,8.58087762196859,0.950878222783407
KBPL10C10,1.1757676601409899,0.149017050862312
KBPL10C4,3.07110691070557,0.345585465431213
KBPL10C7,1.8002336025238002,0.21725498139858201
KBPL11C1,7.53174686431885,0.7292253176371261
KBPL11C10,2.24157500267029,0.17900887131690998
KBPL11C4,4.35195255279541,0.428043305873871
KBPL11C7,3.11990857124329,0.30124136805534396
KBPL12C1,9.74146175384522,0.9353921413421631
KBPL12C10,4.2117649714152,0.228274886806806
KBPL12C4,3.96671366691589,0.34930363297462497
KBPL12C7,2.95288515090942,0.228590965270996
KBPL1C1,4.73554182052612,0.493088275194168
KBPL1C10,1.1978245973587,0.12980130563179698
KBPL1C4,2.12174725532532,0.213207885622978
KBPL1C7,1.7191875775655099,0.160244251290957
KBPL2C1,11.1491260528564,0.8640213211377461
KBPL2C10a,1.10011025269826,0.124649122357369
KBPL2C4,2.0911426544189498,0.20078955094019602
KBPL2C7,1.3121617237726801,0.141768182317416
KBPL3C1,9.74223295847575,0.7584451834360759
KBPL3C10,0.947919130325317,0.114025339484215
KBPL3C4,2.12995934486389,0.20987790822982802
KBPL3C7,1.22401428222656,0.138411343097687
KBPL4C1,6.283421039581301,0.594342708587646
KBPL4C10,1.58697867393494,0.153617843985558
KBPL4C4,2.63774132728577,0.238909795880318
KBPL4C7,1.57021443049113,0.15113128721714
KBPL5C1,5.17305676142375,0.556984841823578
KBPL5C10,1.3656812906265299,0.14042507112026198
KBPL5C4,2.79842019081116,0.279609680175781
KBPL5C7,3.85533781846364,0.40229590733846
KBPL6C1,5.89920663833618,0.646979153156281
KBPL6C10,0.9861849546432501,0.117848279575507
KBPL6C4,2.27381062507629,0.24047462642192802
KBPL6C7,1.46139812469482,0.162574350833893
KBPL7C1,4.62865877151489,0.503283739089966
KBPL7C10,1.0013273954391502,0.106579661369324
KBPL7C4,2.07878565788269,0.216241583228111
KBPL7C7,1.45703482627869,0.150151297450066
KBPL8C1,5.25742673873901,0.49640327692031894
KBPL8C10,1.54224300384522,0.14195395012696602
KBPL8C4,2.94099624951681,0.259619216124217
KBPL8C7,1.9907445907592798,0.176940992474556
KBPL9C1,5.13502883911133,0.526290059089661
KBPL9C10,1.5448591709137,0.143097802996635
KBPL9C4,2.54990228017171,0.252368499835332
KBPL9C7,1.7873703241348298,0.159687519073486
lif_s0_arar_20,1.215,0.0977
lif_s0_arar_50,1.024,0.0751
lif_s0_mcar_20,0.9993000000000001,0.0771
lif_s0_mcar_50,0.7938,0.0702
lif_s0_mcmc_20,1.7899999999999998,0.1416
lif_s0_mcmc_50,0.8112999999999999,0.075
lif_s0_mcms_20,1.734,0.14179999999999998
lif_s0_mcms_50,0.9055,0.07970000000000001
lif_s0_mcrz_20,1.636,0.1296
lif_s0_mcrz_50,0.7756000000000001,0.06870000000000001
lif_s0_msms_20,1.9280000000000002,0.1463
lif_s0_msms_50,1.78,0.13369999999999999
lif_s0_rzrz_20,1.6649999999999998,0.1159
lif_s0_rzrz_50,0.9330999999999999,0.0769
lif_s1_arar_20,1.417,0.11140000000000001
lif_s1_arar_50,0.7922,0.0649
lif_s1_mcar_20,1.6480000000000001,0.12430000000000001
lif_s1_mcar_50,0.9968999999999999,0.0737
lif_s1_mcmc_20,2.226,0.1513
lif_s1_mcmc_50,0.8121,0.059699999999999996
lif_s1_mcms_20,1.765,0.1345
lif_s1_mcms_50,1.0539999999999998,0.08149999999999999
lif_s1_mcrz_20,1.812,0.13779999999999998
lif_s1_mcrz_50,1.108,0.0903
lif_s1_msms_20,1.573,0.12310000000000001
lif_s1_msms_50,0.7255,0.059399999999999994
lif_s1_rzrz_20,1.504,0.11939999999999999
lif_s1_rzrz_50,1.044,0.0864
lif_s2_arar_20,1.471,0.1096
lif_s2_arar_50,1.239,0.0875
lif_s2_mcar_20,1.536,0.131
lif_s2_mcar_50,0.9989000000000001,0.0763
lif_s2_mcmc_20,1.6920000000000002,0.1197
lif_s2_mcmc_50,0.7779,0.0543
lif_s2_mcms_20,1.345,0.10369999999999999
lif_s2_mcms_50,1.006,0.0608
lif_s2_mcrz_20,1.409,0.1032
lif_s2_mcrz_50,1.317,0.06989999999999999
lif_s2_msms_20,1.074,0.0875
lif_s2_msms_50,0.7755,0.05620000000000001
lif_s2_rzrz_20,1.765,0.1341
lif_s2_rzrz_50,1.355,0.0983
lif_s3_arar_20,2.429,0.1916
lif_s3_arar_50,1.361,0.099
lif_s3_mcar_20,1.682,0.1311
lif_s3_mcar_50,1.024,0.0885
lif_s3_mcmc_20,2.303,0.16499999999999998
lif_s3_mcmc_50,1.763,0.11599999999999999
lif_s3_mcms_20,1.768,0.1392
lif_s3_mcms_50,1.426,0.10969999999999999
lif_s3_mcrz_20,1.449,0.1099
lif_s3_mcrz_50,0.9400999999999999,0.0723
lif_s3_msms_20,1.475,0.1092
lif_s3_msms_50,0.8819000000000001,0.06760000000000001
lif_s3_rzrz_20,1.411,0.1001
lif_s3_rzrz_50,0.8398,0.06870000000000001
lil_1x_mcar_20,1.463,0.1246
lil_1x_mcar_50,0.5744,0.0588
lil_1x_mcmc_20,1.135,0.0959
lil_1x_mcmc_50,0.7924,0.0632
lil_1x_mcms_20,1.069,0.0865
lil_1x_mcms_50,0.7591,0.06870000000000001
lil_1x_mcrz_20,1.0390000000000001,0.0903
lil_1x_mcrz_50,0.6219,0.0624
lil_2x_mcar_20,1.238,0.1041
lil_2x_mcar_50,0.7812,0.0668
lil_2x_mcmc_20,1.347,0.1089
lil_2x_mcmc_50,0.6409,0.055700000000000006
lil_2x_mcms_20,1.101,0.0925
lil_2x_mcms_50,0.8934,0.0792
lil_2x_mcrz_20,1.559,0.12079999999999999
lil_2x_mcrz_50,1.234,0.10169999999999998
lil_pp_mcar_20,1.3455,0.0987
lil_pp_mcar_50,0.6631,0.0593
lil_pp_mcmc_20,1.21,0.0985
lil_pp_mcmc_50,0.917,0.07930000000000001
lil_pp_mcms_20,2.054,0.1671
lil_pp_mcms_50,0.8882,0.06810000000000001
lil_pp_mcrz_20,1.73,0.1449
lil_pp_mcrz_50,0.5932999999999999,0.0528
lil_s0_arar_20,1.658,0.09809999999999999
lil_s0_arar_50,0.836,0.0598
lil_s0_mcar_20,1.3900000000000001,0.08549999999999999
lil_s0_mcar_50,0.9957,0.0617
lil_s0_mcmc_20,2.209,0.12789999999999999
lil_s0_mcmc_50,0.7018,0.0436
lil_s0_mcms_20,1.655,0.1011
lil_s0_mcms_50,1.303,0.0829
lil_s0_mcrz_20,0.9596,0.0637
lil_s0_mcrz_50,0.8452999999999999,0.060399999999999995
lil_s0_msms_20,1.552,0.0925
lil_s0_msms_50,1.238,0.07089999999999999
lil_s0_rzrz_20,0.8971,0.0616
lil_s0_rzrz_50,0.9704,0.0624
lil_s1_arar_20,1.467,0.0932
lil_s1_arar_50,0.8353999999999999,0.0566
lil_s1_mcar_20,1.133,0.0752
lil_s1_mcar_50,1.121,0.0674
lil_s1_mcmc_20,1.595,0.10529999999999999
lil_s1_mcmc_50,0.9419000000000001,0.047099999999999996
lil_s1_mcms_20,1.342,0.0809
lil_s1_mcms_50,0.9843999999999999,0.0651
lil_s1_mcrz_20,1.397,0.0935
lil_s1_mcrz_50,0.8964000000000001,0.0531
lil_s1_msms_20,1.3800000000000001,0.0865
lil_s1_msms_50,1.003,0.06820000000000001
lil_s1_rzrz_20,1.543,0.1041
lil_s1_rzrz_50,0.901,0.0576
lil_s2_arar_20,1.536,0.1169
lil_s2_arar_50,0.9298,0.0747
lil_s2_mcar_20,1.1949999999999998,0.0949
lil_s2_mcar_50,0.9568,0.0651
lil_s2_mcmc_20,2.242,0.1278
lil_s2_mcmc_50,0.8,0.05620000000000001
lil_s2_mcms_20,2.013,0.1402
lil_s2_mcms_50,1.239,0.0781
lil_s2_mcrz_20,1.864,0.1302
lil_s2_mcrz_50,1.0310000000000001,0.067
lil_s2_msms_20,1.21,0.0917
lil_s2_msms_50,0.9109,0.0688
lil_s2_rzrz_20,1.7890000000000001,0.1256
lil_s2_rzrz_50,0.8704000000000001,0.0634
lil_s3_arar_20,1.241,0.0838
lil_s3_arar_50,0.8885,0.0634
lil_s3_mcar_20,1.3880000000000001,0.099
lil_s3_mcar_50,1.0130000000000001,0.0649
lil_s3_mcmc_20,2.398,0.1585
lil_s3_mcmc_50,0.9292,0.0696
lil_s3_mcms_20,1.2550000000000001,0.0832
lil_s3_mcms_50,0.8356999999999999,0.059899999999999995
lil_s3_mcrz_20,1.28,0.09709999999999999
lil_s3_mcrz_50,1.152,0.0786
lil_s3_msms_20,1.096,0.08080000000000001
lil_s3_msms_50,0.9260999999999999,0.072
lil_s3_rzrz_20,1.482,0.10869999999999999
lil_s3_rzrz_50,0.8906000000000001,0.0674
N_KB_0_5_1,11.311499999999999,0.8413
N_KB_0_5_2,NA,0.6113000000000001
N_KB_0_5_3,7.281999999999999,0.7569
N_KB_5_20_1,5.2367,0.5344
N_KB_5_20_2,4.755599999999999,0.5232
N_KB_5_20_3,4.5652,0.504
NPL10C1,6.23113775253296,0.351690232753754
NPL10C10,0.651013851165772,0.022149682665865
NPL10C4,2.39035097757975,0.080673592785994
NPL10C7,2.26096606254578,0.065400250256062
NPL11.1C7,0.149080380797386,0.013227896143993001
NPL11.3C10,0.44701254367828397,0.011478489264845999
NPL11.3C7,4.4261622428894,0.09829831868410101
NPL11C1,9.38499228159586,0.548036595185598
NPL11C4,1.65888166427612,0.05929152294993399
NPL12C1,3.2786037921905504,0.20156529545784002
NPL12C4,0.832753419876099,0.03492891167601
NPL1C1,7.453944683074949,0.538156986236572
NPL1C10,1.33375680446625,0.09506078809499699
NPL1C4,2.57375264167786,0.154502972960472
NPL1C7,1.6244287490844702,0.101000688970089
NPL2C1,6.53664016723633,0.43951034545898404
NPL2C10,0.9563276171684271,0.071790620684624
NPL2C4,2.27687120437622,0.16310803592205
NPL2C7,1.11197280883789,0.077185556292534
NPL3C1,6.846532821655271,0.433321714401245
NPL3C10,0.790648996829987,0.053445488214493
NPL3C4,2.41383600234985,0.148383587598801
NPL3C7,1.35307085514069,0.08370403200388
NPL4C1,3.5869586467742898,0.20227229595184298
NPL4C10,1.5924707651138301,0.018261471763253
NPL4C4,2.08015251159668,0.074984170496464
NPL4C7,2.1952018737793,0.020016113296151
NPL5C1,3.25767040252686,0.180630639195442
NPL5C10,1.23743140697479,0.035632759332657
NPL5C10.2,4.18623018264771,0.017099764198065002
NPL5C1.2,4.10810518264771,0.16530238091945598
NPL5C4,2.03036141395569,0.102851882576942
NPL5C4.2,3.6991910934448198,0.021582202985883002
NPL5C7,1.38970545927684,0.066247237225374
NPL5C7.2,5.05237642923991,0.014940002312263001
NPL6C1,3.09220457077026,0.224041059613228
NPL6C10,0.451821982860565,0.033939089626074
NPL6C4,1.28245639801025,0.081153109669685
NPL6C7,0.622833132743835,0.032848168164492
NPL7C1,6.72461080551147,0.40870720148086503
NPL7C10,1.9328953027725198,0.131393626332283
NPL7C4,3.00363039970398,0.186259105801582
NPL7C7,2.40947103500366,0.152389317750931
NPL8C1,7.57737731933594,0.49666532874107394
NPL8C10,1.14292991161346,0.088861532509327
NPL8C4,4.25844860076904,0.255760103464127
NPL8C7,2.87923002243042,0.18661333620548198
NPL9C1,4.74857521057129,0.343539893627167
NPL9C10,2.60118889808655,0.030992861837149
NPL9C4,1.8093910217285198,0.115146078169346
NPL9C7,1.14929008483887,0.05855789035558699
N_YO_mix_0_5_1,1.7626000000000002,0.1153
N_YO_mix_0_5_2,1.8049,0.1385
N_YO_mix_0_5_3,1.8358,0.12769999999999998
N_YO_mix_5_20_1,0.8474,0.0531
N_YO_mix_5_20_2,0.782,0.0603
N_YO_mix_5_20_3,0.8544,0.0661
N_YO_mono_0_5_1,2.5648,0.1593
N_YO_mono_0_5_2,2.2108,0.1375
N_YO_mono_0_5_3,2.2474,0.1406
N_YO_mono_5_20_1,1.206,0.0736
N_YO_mono_5_20_2,1.4142,0.0848
N_YO_mono_5_20_3,1.2069,0.07680000000000001
RF11C1,3.5228898525238,0.30004423856735196
RF11C10,3.12690758705139,0.24560866753260302
RF11C4,3.47492456436157,0.298239350318909
RF11C7,1.8455618619918799,0.163493111729622
RF13C1,2.53291344642639,0.226812794804573
RF13C10,0.705101827780406,0.074419590334097993
RF13C4,2.70399522781372,0.23320776224136402
RF13C7,1.14334332942963,0.0993297919631
RF14C1,2.12760591506958,0.198474183678627
RF14C10,1.7948853969574,0.165329858660698
RF14C4,1.5841211080551099,0.153567835688591
RF14C7,1.32730023066203,0.132286618153254
RF19C1,2.60548806190491,0.23885287344455702
RF19C10,1.94798803329468,0.15220408141613
RF19C4,2.2230920791626003,0.20730093121528598
RF19C7,2.3578736782074,0.186022877693176
RF1C1,3.5355668067932102,0.290019184350967
RF1C10,0.791621267795563,0.09827749679486
RF1C4,3.75555396080017,0.303518265485764
RF1C7,1.79480957984924,0.161535605788231
RF20C1,2.64279007911682,0.20628601312637299
RF20C10,0.588054418563843,0.070699021220207
RF20C4,2.1881140867869098,0.16658567388852502
RF20C7,1.53922367095947,0.12850277125835402
RF25C1,3.21804714202881,0.199208602309227
RF25C10,0.556294798851013,0.053188897669315005
RF25C4,2.0235474109649703,0.134335875511169
RF25C7,0.8517037034034731,0.06309872120618801
RF2C1,3.00293278694153,0.247904911637306
RF2C4,3.2323851585388197,0.262788355350494
RF2C7,3.2358272870381697,0.262181649605433
RF32C1,5.327052593231199,0.427675137917201
RF32C10,5.8245431582133005,0.40171184142430605
RF32C4,5.31300608317057,0.41343611478805603
RF34C1,1.28420698642731,0.18567730486393
RF34C10,3.60678172111511,0.334193259477615
RF34C4,3.33038949966431,0.31321686506271396
RF4C1,2.2025619347890197,0.178965936104457
RF4C10,0.515754878520966,0.053324464708567
RF4C4,0.8863034248352051,0.071695640683174
RF4C7,0.561206638813019,0.053132310509682
RF5C1,2.49298318227132,0.198554903268814
RF5C10,0.789237082004547,0.06539348512888
RF5C4,1.54937422275543,0.121817171573639
RF5C7,0.8519062995910639,0.064417086541653
RF6C1,3.5386135578155504,0.274560242891312
RF6C10,0.7630095481872561,0.070307545363903
RF6C4,3.0158992608388298,0.213494802514712
RF6C7,1.05687761306763,0.085294134914875
RF7C1,4.74570798873901,0.38406507174174
RF7C10,2.51767921447754,0.201280757784843
RF7C4,4.43752765655518,0.343231956164042
RF7C7,3.92497102419535,0.26059930523236596
S_KB_0_15_1,7.0874,0.6976
S_KB_0_15_2,5.0057,0.5227
S_KB_0_15_3,7.806399999999999,0.6946
S_KB_15_30_1,3.7783,0.3969
S_KB_15_30_2,3.9034,0.3754
S_KB_15_30_3,3.2961,0.3499
S_YGB_0_15_1,1.4708,0.1213
S_YGB_0_15_2,1.518,0.12430000000000001
S_YGB_0_15_3,1.6176,0.124
S_YGB_15_30_1,0.4953,0.0428
S_YGB_15_30_2,0.5622,0.048799999999999996
S_YGB_15_30_3,0.6228,0.055700000000000006
S_YO_0_15_1,1.2345000000000002,0.0861
S_YO_0_15_2,1.2523,0.0878
S_YO_0_15_3,1.4186999999999999,0.1069
S_YO_0_15_GIL,2.1967,0.1339
S_YO_15_30_1,0.42210000000000003,0.039
S_YO_15_30_2,0.48360000000000003,0.041999999999999996
S_YO_15_30_3,0.4627,0.0402
S_YO_15_30_GIL,0.8013,0.0588
UF10C1,3.17922759056091,0.271924525499344
UF10C10,0.729649484157562,0.090242855250835
UF10C4,2.74894785881042,0.231104373931885
UF10C7,0.8272286057472231,0.110797964036465
UF11C1,3.2908031940460196,0.289796620607376
UF11C10,1.13073861598969,0.12236954271793402
UF11C4,3.07053589820862,0.274660915136337
UF11C7,0.9806411862373359,0.11422836532195399
UF12C1,2.64674401283264,0.231877684593201
UF12C10,0.465203076601028,0.069972127676009993
UF12C4,0.63573557138443,0.085397943854332
UF12C7,0.492614954710007,0.067572802305222
UF15C1,3.4322402477264395,0.319618403911591
UF15C4,1.7175354957580597,0.193030059337616
UF15C7,0.73594731092453,0.095025010406971
UF16C1,5.1889319419860795,0.44694643219312
UF16C10,1.59291732311249,0.143491670489311
UF16C7,2.93955636024475,0.25194260478019703
UF18C1,1.52065622806549,0.144176219900449
UF18C10,0.785291612148285,0.090872012078762
UF18C4,0.954258978366852,0.10526759177446401
UF18C7,0.747999608516693,0.08130040019750599
UF19C1,3.21019864082336,0.273795336484909
UF19C10,1.25856482982635,0.135435342788696
UF19C4,2.5393214225769,0.214368477463722
UF19C7,1.6341564655304002,0.147053688764572
UF1C1,2.965256690979,0.267197251319885
UF1C10,0.8649272322654721,0.092374533414841
UF1C4,2.64670753479004,0.238666206598282
UF1C7,1.10838103294372,0.11833401769399701
UF20C1,2.800261815389,0.263122995694478
UF20C10,0.944750110308328,0.104701767365138
UF20C4,2.6629319190979,0.23425148427486403
UF20C7,1.8402292728424101,0.19189816713333102
UF22C1,2.39040970802307,0.210584685206413
UF22C10,0.275622427463531,0.042417209595442
UF22C4,1.51214933395386,0.146735325455666
UF22C7,0.45367789268493697,0.053884234279394004
UF23C1,2.90141375859578,0.254945129156113
UF23C10,3.04014086723328,0.232467487454414
UF23C4,3.7709965705871604,0.299402683973312
UF23C7,2.2491183280944798,0.19301979243755302
UF24C1,4.2061710357666,0.342718213796616
UF24C10,3.7229437828064,0.290578991174698
UF24C4,3.81344056129456,0.30029484629631
UF24C7,2.98804076512655,0.24828674395879097
UF3C1,2.63718803723653,0.239273771643639
UF3C10,0.362553785244624,0.04793606698513
UF3C4,1.47110295295715,0.154273822903633
UF3C7,0.579509437084198,0.069769755005837
UF9C1,3.09365439414978,0.266003429889679
UF9C10,1.01929605007172,0.11316891014576
UF9C4,2.67337918281555,0.22821453213691698
UF9C7,1.0077837308247901,0.119395020107429
UPL10C1,2.86676534016927,0.31654347976048797
UPL10C10,0.07660244405269599,0.010913445614278
UPL10C4,0.451319724321365,0.045957170426846
UPL10C7,0.182451282938321,0.019076221932968
UPL11C1,2.66699409484863,0.287728309631348
UPL11C10,0.341690897941589,0.03745986148715
UPL11C4,0.701194405555725,0.067029401659966
UPL11C7,0.399860173463821,0.0468814894557
UPL12C1,3.42535662651062,0.271972686052322
UPL12C4,0.503289520740509,0.046439941972494
UPL12C7,0.26032230257988,0.022477690130472
UPL1C1,5.37589406967163,0.5053824881712601
UPL1C4,0.999477744102478,0.09738003462553
UPL1C7,0.607000648975372,0.06358806788921399
UPL2C1,3.7706460952758802,0.388101577758789
UPL2C10,0.612043917179108,0.07084926217794399
UPL2C4,0.9046962857246401,0.087775707244873
UPL2C7,0.5023951530456541,0.052327904850245
UPL3.3.10,3.2323706150054905,0.313998311758041
UPL3.3.7,2.5629973411560103,0.21762852867444402
UPL3C1,4.484410762786871,0.470522612333298
UPL3C10,0.7149042934179299,0.084117107093334
UPL3C4(Subplot1&3),2.5383973121643097,0.227011188864708
UPL3C4(Subplot2&4),0.655132055282593,0.063269637525082
UPL3C7,0.384538143873215,0.042475875467062
UPL4C1,2.61999773979187,0.29186934232711803
UPL4C10,0.548876643180847,0.07082313299179101
UPL4C4,0.719742993513743,0.090551093220711
UPL4C7,0.508811354637146,0.057895451784134
UPL5C1,3.2132437229156503,0.337896168231964
UPL5C10,0.48983237147331204,0.060882087796927
UPL5C4,0.986974239349365,0.10808614641428001
UPL5C7,0.618357360363007,0.066292203962803
UPL6C1,2.32130829493205,0.245926693081856
UPL6C4,0.750871996084849,0.086759885152181
UPL6C7,0.464730560779572,0.051734358072280995
UPL7C1,3.15185809135437,0.32109022140502896
UPL7C10,0.3398397564888,0.042432387669881
UPL7C4,0.848142683506012,0.075645565986633
UPL7C7,0.695798456668854,0.055162236094475
UPL8C1,3.8143139680226597,0.35022198160489404
UPL8C4,0.8584045767784121,0.067247696220875
UPL8C7,0.373512476682663,0.031357198953629
UPL9C1,4.12315479914347,0.403302619854609
UPL9C4,1.2715859413147,0.105153026680152
UPL9C7,0.50920706987381,0.037711426615715
wak_in_arar_20,1.3539999999999999,0.1004
wak_in_arar_50,0.6817,0.0492
wak_in_mcar_20,1.268,0.10200000000000001
wak_in_mcar_50,0.8096,0.0612
wak_in_mcmc_20,2.31,0.1703
wak_in_mcmc_50,1.1560000000000001,0.0911
wak_in_mcms_20,1.022,0.08399999999999999
wak_in_mcms_50,0.7114,0.056499999999999995
wak_in_mcnb_20,1.449,0.10940000000000001
wak_in_mcnb_50,0.7694,0.0638
wak_in_mcrz_20,1.3900000000000001,0.10869999999999999
wak_in_mcrz_50,0.8407,0.057499999999999996
wak_in_mmnb_20,1.167,0.088
wak_in_mmnb_50,0.6837,0.058399999999999994
wak_in_msms_20,1.346,0.10980000000000001
wak_in_msms_50,0.8243,0.0636
wak_in_nbnb_20,1.1320000000000001,0.09469999999999999
wak_in_nbnb_50,0.5601,0.0485
wak_in_rzrz_20,1.403,0.1132
wak_in_rzrz_50,0.5847,0.0498
wak_ni_arar_20,1.162,0.08940000000000001
wak_ni_arar_50,0.5309999999999999,0.0396
wak_ni_mcar_20,2.194,0.1673
wak_ni_mcar_50,1.032,0.0795
wak_ni_mcmc_20,1.475,0.1065
wak_ni_mcmc_50,0.5286,0.0443
wak_ni_mcms_20,1.242,0.09519999999999999
wak_ni_mcms_50,0.7675,0.053200000000000004
wak_ni_mcnb_20,0.8426,0.05620000000000001
wak_ni_mcnb_50,0.5527,0.039400000000000004
wak_ni_mcrz_20,1.2570000000000001,0.0968
wak_ni_mcrz_50,0.6682,0.0475
wak_ni_mmnb_20,1.025,0.0755
wak_ni_mmnb_50,0.595,0.039
wak_ni_msms_20,0.8746,0.0553
wak_ni_msms_50,0.5423,0.036
wak_ni_nbnb_20,1.114,0.08449999999999999
wak_ni_nbnb_50,0.48719999999999997,0.044700000000000004
wak_ni_rzrz_20,1.553,0.11499999999999999
wak_ni_rzrz_50,0.6378,0.0443
yal_s0_arar_20,2.755,0.19290000000000002
yal_s0_arar_50,0.8551,0.0989
yal_s0_mcar_20,2.4059999999999997,0.1799
yal_s0_mcar_50,0.6554,0.0634
yal_s0_mcmc_20,1,0.0784
yal_s0_mcmc_50,2.384,0.1709
yal_s0_mcms_20,1.904,0.1424
yal_s0_mcms_50,0.8476000000000001,0.0639
yal_s0_mcrz_20,2.465,0.1804
yal_s0_mcrz_50,0.6646,0.053500000000000006
yal_s0_msms_20,1.7600000000000002,0.1193
yal_s0_msms_50,1.002,0.07880000000000001
yal_s0_rzrz_20,1.52,0.1035
yal_s0_rzrz_50,0.6696,0.0608
yal_s1_arar_20,1.991,0.1409
yal_s1_arar_50,0.9231,0.0744
yal_s1_mcar_20,1.389,0.098
yal_s1_mcar_50,0.7708,0.0625
yal_s1_mcmc_20,1.906,0.142
yal_s1_mcmc_50,0.9427,0.0791
yal_s1_mcms_20,1.592,0.11939999999999999
yal_s1_mcms_50,0.7895,0.06720000000000001
yal_s1_mcrz_20,1.8519999999999999,0.1306
yal_s1_mcrz_50,0.6083999999999999,0.0507
yal_s1_msms_20,1.377,0.1056
yal_s1_msms_50,0.8303,0.074
yal_s1_rzrz_20,2.242,0.1611
yal_s1_rzrz_50,0.7538,0.0626
yal_s2_arar_20,1.466,0.0916
yal_s2_arar_50,0.7428,0.0583
yal_s2_mcar_20,1.8780000000000001,0.145
yal_s2_mcar_50,0.7767999999999999,0.0608
yal_s2_mcmc_20,1.9780000000000002,0.13640000000000002
yal_s2_mcmc_50,0.9451,0.0754
yal_s2_mcms_20,1.968,0.14479999999999998
yal_s2_mcms_50,0.6871,0.05550000000000001
yal_s2_mcrz_20,1.7289999999999999,0.1157
yal_s2_mcrz_50,0.7772,0.0618
yal_s2_msms_20,1.937,0.1423
yal_s2_msms_50,0.9464,0.07139999999999999
yal_s2_rzrz_20,1.909,0.1342
yal_s2_rzrz_50,0.7095,0.0519
yal_s3_arar_20,1.544,0.1263
yal_s3_arar_50,0.7187,0.055600000000000004
yal_s3_mcar_20,1.816,0.1373
yal_s3_mcar_50,0.8886,0.0634
yal_s3_mcmc_20,2.369,0.1893
yal_s3_mcmc_50,0.7714000000000001,0.0639
yal_s3_mcms_20,1.956,0.1413
yal_s3_mcms_50,1.163,0.0883
yal_s3_mcrz_20,1.568,0.12279999999999999
yal_s3_mcrz_50,0.6426000000000001,0.05600000000000001
yal_s3_msms_20,1.903,0.1393
yal_s3_msms_50,0.9045,0.0737
yal_s3_rzrz_20,1.8760000000000001,0.1414
yal_s3_rzrz_50,0.8878999999999999,0.0759
YAM_J08_C1,1.814,0.149
YAM_J08_C2,1.04,0.093
YAM_J09_C1,2.801,0.219
YAM_J09_C3,0.89,0.071
YAM_J18_C3,0.77,0.071
YAM_J19_C1,2.5789999999999997,0.199
YAM_J20_C2,0.9349999999999999,0.074
YAM_J20_C3,0.733,0.068
YAM_J21_C2,1.378,0.121
YAM_J22_C1,1.5210000000000001,0.124
YAM_J22_C2,0.95,0.08499999999999999
YAM_J22_C3,0.745,0.068
YAM_J26_C3,0.932,0.078
YAM_J28_C2,1.334,0.10800000000000001
YAM_J28_C3,0.796,0.074
YAM_J29_C1,0.905,0.08
YAO_J05_C1,1.566,0.131
YAO_J05_C3,0.5389999999999999,0.053000000000000005
YAO_J12_C2,1.03,0.092
YAO_J13_C2,0.9730000000000001,0.09
YAO_J17_C2,1.501,0.13899999999999998
YAO_J17_C3,0.9109999999999999,0.09
YAO_J21_C3,0.835,0.076
YAO_J25_C3,0.751,0.06899999999999999
yol_1x_mcar_20,1.529,0.1343
yol_1x_mcar_50,0.9221,0.08120000000000001
yol_1x_mcmc_20,1.3880000000000001,0.1173
yol_1x_mcmc_50,0.6825,0.0649
yol_1x_mcms_20,1.3,0.1103
yol_1x_mcms_50,0.7689,0.06860000000000001
yol_1x_mcrz_20,1.738,0.151
yol_1x_mcrz_50,0.8220000000000001,0.0785
yol_2x_mcar_20,2.248,0.1543
yol_2x_mcar_50,0.8837999999999999,0.07680000000000001
yol_2x_mcmc_20,1.786,0.1266
yol_2x_mcmc_50,0.7458,0.0656
yol_2x_mcms_20,1.982,0.1587
yol_2x_mcms_50,0.7453000000000001,0.0678
yol_2x_mcrz_20,1.128,0.0939
yol_2x_mcrz_50,0.6607999999999999,0.0612
yol_in_arar_20,1.552,0.1397
yol_in_arar_50,1.042,0.1051
yol_in_mcar_20,1.466,0.1291
yol_in_mcar_50,0.9751,0.1058
yol_in_mcmc_20,1.177,0.11279999999999998
yol_in_mcmc_50,0.8617000000000001,0.0908
yol_in_mcms_20,1.4869999999999999,0.12840000000000001
yol_in_mcms_50,1.074,0.10169999999999998
yol_in_mcnb_20,1.7489999999999999,0.14984999999999998
yol_in_mcnb_50,1.374,0.11579999999999999
yol_in_mcrz_20,1.399,0.123
yol_in_mcrz_50,1.0050000000000001,0.10429999999999999
yol_in_mmnb_20,1.9665,0.2359
yol_in_mmnb_50,0.9963,0.0897
yol_in_msms_20,1.439,0.1322
yol_in_msms_50,1.024,0.10729999999999999
yol_in_nbnb_20,1.6199999999999999,0.1342
yol_in_nbnb_50,1.311,0.11120000000000001
yol_in_rzrz_20,1.349,0.1186
yol_in_rzrz_50,0.8764,0.10289999999999999
yol_ni_arar_20,1.489,0.11610000000000001
yol_ni_arar_50,0.8525,0.0767
yol_ni_mcar_20,1.668,0.134
yol_ni_mcar_50,0.7745,0.0733
yol_ni_mcmc_20,1.7879999999999998,0.1419
yol_ni_mcmc_50,0.9329000000000001,0.0852
yol_ni_mcms_20,1.315,0.11339999999999999
yol_ni_mcms_50,0.944,0.0915
yol_ni_mcnb_20,2.988,0.2451
yol_ni_mcnb_50,1.277,0.1152
yol_ni_mcrz_20,1.4449999999999998,0.122
yol_ni_mcrz_50,0.8124,0.0809
yol_ni_mmnb_20,1.101,0.0969
yol_ni_mmnb_50,0.7314,0.07680000000000001
yol_ni_msms_20,1.761,0.14479999999999998
yol_ni_msms_50,0.9254,0.0886
yol_ni_nbnb_20,1.909,0.1466
yol_ni_nbnb_50,1.145,0.1045
yol_ni_rzrz_20,1.7760000000000002,0.1472
yol_ni_rzrz_50,1.068,0.09230000000000001
yol_pp_mcar_20,1.871,0.1512
yol_pp_mcar_50,0.6702,0.0541
yol_pp_mcmc_20,2.23,0.15860000000000002
yol_pp_mcmc_50,1.002,0.0756
yol_pp_mcms_20,1.89,0.1479
yol_pp_mcms_50,0.9455,0.0796
yol_pp_mcrz_20,1.698,0.1367
yol_pp_mcrz_50,0.6176,0.055700000000000006
yol_s0_arar_20,1.327,0.1059
yol_s0_arar_50,0.644,0.054200000000000005
yol_s0_mcar_20,1.434,0.1162
yol_s0_mcar_50,0.4664,0.0391
yol_s0_mcmc_20,1.52,0.1152
yol_s0_mcmc_50,0.6863,0.0548
yol_s0_mcms_20,1.035,0.0761
yol_s0_mcms_50,0.5476,0.0396
yol_s0_mcrz_20,1.746,0.1342
yol_s0_mcrz_50,0.6567000000000001,0.045700000000000005
yol_s0_msms_20,1.2650000000000001,0.089
yol_s0_msms_50,0.5324,0.0439
yol_s0_rzrz_20,1.625,0.12210000000000001
yol_s0_rzrz_50,0.8717,0.0629
yol_s1_arar_20,1.222,0.10429999999999999
yol_s1_arar_50,0.5948,0.0632
yol_s1_mcar_20,1.339,0.1111
yol_s1_mcar_50,0.4976,0.0501
yol_s1_mcmc_20,0.9282999999999999,0.0771
yol_s1_mcmc_50,0.5206999999999999,0.054900000000000004
yol_s1_mcms_20,1.2029999999999998,0.0992
yol_s1_mcms_50,0.49139999999999995,0.0397
yol_s1_mcrz_20,1.311,0.1002
yol_s1_mcrz_50,0.8347,0.074
yol_s1_msms_20,1.262,0.10329999999999999
yol_s1_msms_50,0.47539999999999993,0.0455
yol_s1_rzrz_20,1.5050000000000001,0.1295
yol_s1_rzrz_50,0.5900000000000001,0.0496
yol_s2_arar_20,1.091,0.08940000000000001
yol_s2_arar_50,0.5282,0.047099999999999996
yol_s2_mcar_20,1.335,0.1152
yol_s2_mcar_50,0.6912,0.05550000000000001
yol_s2_mcmc_20,1.434,0.1052
yol_s2_mcmc_50,0.5858,0.0458
yol_s2_mcms_20,1.3210000000000002,0.1041
yol_s2_mcms_50,0.576,0.0442
yol_s2_mcrz_20,1.703,0.1377
yol_s2_mcrz_50,0.567,0.0459
yol_s2_msms_20,1.301,0.1018
yol_s2_msms_50,0.47309999999999997,0.0491
yol_s2_rzrz_20,1.638,0.1392
yol_s2_rzrz_50,0.5186,0.0479
yol_s3_arar_20,1.517,0.1132
yol_s3_arar_50,0.5686,0.0486
yol_s3_mcar_20,1.0630000000000002,0.088
yol_s3_mcar_50,0.6396,0.054400000000000004
yol_s3_mcmc_20,1.288,0.09809999999999999
yol_s3_mcmc_50,0.6435,0.058499999999999996
yol_s3_mcms_20,1.0310000000000001,0.0763
yol_s3_mcms_50,0.5258,0.0443
yol_s3_mcrz_20,1.656,0.1345
yol_s3_mcrz_50,0.5527,0.0387
yol_s3_msms_20,1.392,0.11379999999999998
yol_s3_msms_50,0.5766,0.053700000000000005
yol_s3_rzrz_20,1.253,0.0964
yol_s3_rzrz_50,0.6158,0.0455
yon_1x_mcar_20,1.511,0.1146
yon_1x_mcar_50,0.47939999999999994,0.0438
yon_1x_mcmc_20,1.2890000000000001,0.1031
yon_1x_mcmc_50,0.6031,0.0466
yon_1x_mcms_20,1.356,0.10229999999999999
yon_1x_mcms_50,0.5412,0.0489
yon_1x_mcrz_20,1.171,0.0898
yon_1x_mcrz_50,0.4929,0.0387
yon_2x_mcar_20,1.409,0.11080000000000001
yon_2x_mcar_50,0.4848,0.0456
yon_2x_mcmc_20,2.068,0.1557
yon_2x_mcmc_50,0.6047,0.047299999999999995
yon_2x_mcms_20,1.6800000000000002,0.11639999999999999
yon_2x_mcms_50,0.46909999999999996,0.034499999999999996
yon_2x_mcrz_20,1.2810000000000001,0.1065
yon_2x_mcrz_50,0.49160000000000004,0.047599999999999996
yon_pp_mcar_20,1.666,0.1489
yon_pp_mcar_50,0.583,0.0383
yon_pp_mcmc_20,1.5390000000000001,0.10780000000000001
yon_pp_mcmc_50,0.5666,0.05
yon_pp_mcms_20,0.9107,0.0756
yon_pp_mcms_50,0.47919999999999996,0.0492
yon_pp_mcrz_20,1.251,0.1111
yon_pp_mcrz_50,0.5852,0.0529
