sample_id,tc,tn,ph_cacl2,al_icp,fe_icp,al_av_cmolckg,ca_av_cmolckg,na_av_cmolckg,k_av_cmolckg,mg_av_cmolckg,sum_bases_cmolckg,sand_0.05-2,silt_0.002-0.05,clay_0-0.002
21_cod_ikul_profile01,24,2.093,4.69,51.1613386613387,87.3189310689311,0.243893966728428,4.30146685691429,0.001156455239183,0.140450142707377,1.36160830548257,5.80468176034342,0,30.59999999999999,69.4
21_cod_ikul_profile02,17.88,1.833,4.43,69.0482107355865,106.007703777336,0.50458167581963,2.77356531514881,0.027285513728895,0.00273147710685,0.768628219608612,3.57221052559317,0,9.200000000000003,90.8
21_cod_ikul_profile03,10.43,1.197,4.5,78.2717282717283,120.635614385614,0.341790840352223,2.62388687376333,0.00116263742556,0.001025672847799,0.511271123090859,3.13734630712755,0,10.799999999999997,89.2
21_cod_ikul_profile04,8.142,1.101,4.39,73.4015984015984,122.171578421578,0.488437235198563,1.83293977768257,0.015632927287347,0.002724205287597,0.257352513396362,2.10864942365388,0,10.599999999999994,89.4
21_cod_ikul_profile05,5.487,0.929,4.29,74.1516966067864,119.691866267465,0.868467073963704,1.03231454314335,0.024390937953519,2.55819902788e-6,0.131808817900077,1.1885168571959699,0,12.299999999999997,87.7
21_cod_ikul_profile13,2.273,0.262,4.01,66.2897614314116,117.787027833002,2.22979590083014,0.116023781883269,4.34971726837e-6,0.002726927677958,0.038367401301916,0.157122460580411,0,8.900000000000006,91.1
21_cod_ikul_profile14,2.227,0.434,4,57.9975124378109,117.605721393035,2.18448928399029,0.119707127675821,0.00116263742556,0.001025672847799,0.038482772705764,0.160378210654944,0,10.599999999999994,89.4
21_cod_ikul_profile15,1.911,0.53,3.98,70.5781039388947,128.269931606011,2.3284262532779,0.136106579771434,4.34971726837e-6,0.002729655514915,0.038405781496616,0.177246366500233,0,11.400000000000006,88.6
21_cod_ikul_profile16,2.271,0.545,3.97,67.4063737846597,120.890099227784,2.4156336838934,0.153102885138813,4.34971726837e-6,2.55819902788e-6,0.032996258224317,0.186106051279427,0,11.700000000000003,88.3
21_cod_ikul_profile18,1.642,0.38,3.96,67.4561795521128,137.848204975421,2.44291511303123,0.11296272230164,0.01278047143964,0.001024987924361,0.03845707469394,0.165225256359581,30,33.6,36.4
21_cod_ikul_profile19,1.223,0.261,3.98,82.2803926503901,200.962748552731,4.29349936512072,0.162728893663157,0.004061089813757,2.55819902788e-6,0.065838482565627,0.232631024241569,39.6,31.2,29.2
21_cod_ikul_profile20,1.071,0.345,4.03,94.6424451555306,136.7287418122,3.24376163523195,0.25283211947267,0.009872522504996,0.021517561916784,0.236157465404304,0.520379669298754,19.599999999999994,49.60000000000001,30.8
21_cod_ikul_profile21,1.005,0.302,4.21,89.0216579536968,136.837191934279,3.11222890555017,0.719669545344848,0.006973494618641,0.009569749202507,0.406682005173105,1.1428947943391,26.59999999999999,54.10000000000001,19.3
21_cod_ikul_profile22,1.115,0.296,4.13,70.3470269184412,134.950030132583,2.28337105895362,1.394869124627,0.015711353343972,0.013004891379212,0.764924628784554,2.18850999813474,25.200000000000003,42,32.8
21_cod_ikul_profile23,1.026,0.169,4.29,81.7020487531072,120.285311923663,2.04195032244252,2.08564507046008,0.018589776639477,0.030066312447923,1.15920610863162,3.2935072681791,31,49.3,19.7
21_cod_ikul_profile25,0.754,0.278,4.37,76.6044056541879,90.9498697787232,0.821189348508321,3.3329880491844,0.038779914435302,0.04527484640168,3.5962628424763,7.01330565249768,21.599999999999994,50.900000000000006,27.5
21_cod_ikul_profile26,0.651,0.042,4.63,70.395337406081,83.8562199685014,0.466546055871482,3.72847378835403,0.03592174101091,0.048727600531131,4.72857733244406,8.54170046234013,17.400000000000006,60.39999999999999,22.2
21_cod_ikul_profile27,0.989,0.199,4.81,71.9338803615546,143.886364312858,0.022201692509026,2.36764407956134,0.041687806099592,0.033371514773067,4.11216462895038,6.55486802938438,10.099999999999994,61.7,28.2
21_cod_ikul_profile24,1.473,0.286,4.35,86.1436218019134,115.322105494418,0.764292832491498,2.04096311880743,0.01857737104946,0.031753421367133,1.4494132141191,3.54070712534312,20.700000000000003,43.099999999999994,36.2
21_cod_ikul_profile28,0.687,0.316,4.87,63.0286514176793,136.859909856247,0.02226838651189,2.36143200914593,0.038909353402042,0.042010478028008,4.47600777452344,6.91835961509942,9.700000000000003,62.199999999999996,28.1
21_cod_ikul_profile29,0.358,0.203,NA,59.3021635022252,74.2179332729318,0.022246110700107,1.59367826534327,0.070778993896907,0.064146904600502,2.9462720948118,4.67487625865248,22.900000000000006,58.599999999999994,18.5
21_uga_kais_profile01,25.41,2.132,NA,31.5008025682183,36.6736055377207,0.007405492950341,7.88599291593304,0.015643338827332,0.292365603186785,3.30397697736242,11.4979788353096,12.900000000000006,65,22.1
21_uga_kais_profile02,19.95,1.822,NA,34.3221101908534,39.6548533589405,0.244788841189407,6.10819721464343,0.035981650518934,0.064168301166413,2.44232477486019,8.65067194118897,12.400000000000006,64.3,23.3
21_uga_kais_profile03,5.448,0.62,NA,38.0964994702225,40.3892864996702,0.171066887152877,5.26672407692975,0.041896942250593,0.019849571052481,2.1957188984535,7.52418948868632,9.700000000000003,64.1,26.2
21_uga_kais_profile05,3.222,0.561,5.13,37.5906246896415,24.4003873274407,0.029681275048214,7.26907879269822,0.149199511240979,0.036874940942477,2.47608090745346,9.93123415233514,19.90000000000001,68.6,11.5
21_uga_kais_profile06,2.01,0.425,NA,39.9461355254299,23.3081932287532,0.014806055479277,5.86676181591544,0.134372091379972,0.057227355084497,1.78015765076155,7.83851891314146,25.299999999999997,62.800000000000004,11.9
21_uga_kais_profile07,0.779,0.217,NA,22.6625804595991,12.7384034038502,1.111934766493e-5,3.05967890538229,0.099953422867193,0.047165192498069,0.862825335299696,4.06962285604725,39.3,53.13,7.57
21_uga_kais_profile08,0.544,0.209,5.47,19.8051560541863,12.525859839669,1.111934766493e-5,2.46731528634323,0.079217183884045,0.03842824727829,0.672601693069701,3.25756241057527,47,46.55,6.45
21_uga_kais_profile09,0.334,0.043,NA,13.231568789079,9.1791652425662,1.111934766493e-5,1.59860519281864,0.303144514565165,0.238400924093897,0.659044089500384,2.79919472097809,59.5,35.38,5.12
21_uga_kaj_p1_0-10,52.48,4.62,4.96,15.5926714444211,19.5595570082061,0.036965916439285,12.7401447105788,0.278798367467817,0.02143172057935,3.04685927339244,16.0872340720184,53.9,30.700000000000003,15.4
21_uga_kaj_p1_10-20,54.86,4.852,4.56,23.1534444168117,27.4745088286496,0.185322461082283,12.291749833666,0.352037117587357,0.01466700775987,1.86480186480186,14.5232558238151,26.59999999999999,56.60000000000001,16.8
21_uga_kaj_p1_20-30,40.74,3.507,4.82,23.3928909527558,28.5061932616516,0.074153702333691,10.9514215982839,0.282535819899949,2.55819902788e-6,2.48540271685242,13.7193626932353,38.5,42.1,19.4
21_uga_kaj_p1_30-40,40.39,3.109,4.58,28.1056843404433,31.583125143079,0.14820856601049,10.8809372258482,0.244662537454892,0.006137631789659,2.43988326392231,13.5716206590151,12.700000000000003,60,27.3
21_uga_kaj_p1_40-50,39.61,2.744,4.41,40.0801603206413,53.4794837199151,0.207146862686784,10.9093190863781,0.154540853048145,0.048678970191279,1.63665538797628,12.7491942975938,3.700000000000003,57,39.3
21_uga_kaj_p1_50-60,38.64,2.539,4.42,34.3977412812662,30.5018988348511,0.170269638011685,10.2521322202466,0.102516638682134,0.052117769809096,1.58297095713873,11.9897375858766,22.099999999999994,49.800000000000004,28.1
21_uga_kaj_p1_60-70,31.03,1.764,4.94,40.6952477490907,26.5897978653628,0.051924905706844,11.3578713154079,0.114328792777902,0.084647546219523,2.21730159335622,13.7741492477615,24.400000000000006,46.099999999999994,29.5
21_uga_kaj_p1_70-80,27.35,1.563,4.95,34.0437833958051,18.8848293324827,0.029720942639324,11.3601730718316,0.088360444342585,0.050599860491398,2.78175471273091,14.2808880893965,26.799999999999997,44.800000000000004,28.4
21_uga_kaj_p1_80-90,22.67,1.348,4.95,36.6052600167111,22.1136056181116,0,9.64626154899813,4.34971726837e-6,0.060112553926255,2.295670245093,12.0020486977347,26.599999999999994,42.800000000000004,30.6
21_uga_kaj_p1_90-100,19.12,1.228,4.69,35.543134969264,17.4041804903807,0.059283426404196,8.24010093774464,4.34971726837e-6,0.063422195159812,1.86418047131143,10.1677079539332,26.200000000000003,43.099999999999994,30.7
21_uga_kaj_p1_100-110,25.2,1.577,4.67,42.5444891650189,18.8508094870071,0.051942231334374,11.5015214815614,0.137588654335066,0.108576214997295,2.43764949647303,14.1853358473668,27.799999999999997,46.400000000000006,25.8
21_uga_kaj_p1_110-120,14.02,1.253,4.72,45.3541706308273,16.3928474858041,0.036965916439285,8.586218520406,0.099488214117146,0.104777300610158,2.42326509535521,11.2137491304885,25.700000000000003,50.9,23.4
21_uga_kaj_p1_120-130,7.039,0.607,5.57,26.2395991679334,10.9571265701256,1.111934766493e-5,5.71393830182511,0.082244986965328,0.070852915818901,1.58297095713873,7.45000716174807,61.4,26.3,12.3
21_uga_kaj_p1_130-140,3.736,0.44,4.81,29.2604517683762,21.8547201695881,0.014850547799582,4.30824494583454,0.067968870838087,0.076190769044169,1.57674006245154,6.02914464816834,49.4,33.900000000000006,16.7
21_uga_kaj_p1_140-150,2.361,0.354,4.96,24.8943423308481,27.9531816913201,1.111934766493e-5,3.42262912631158,0.050356008296587,0.04187072261208,1.35749343216761,4.87234928938786,57.4,28,14.6
21_uga_kaj_p1_150-160,2.649,0.448,5.29,26.4940715003932,36.2069051340508,1.111934766493e-5,3.69942311716002,0.038792819564898,0.028263629858822,1.59887093429229,5.36535050087603,53.1,34.599999999999994,12.3
21_uga_kaj_p1_160-170,2.15,0.219,5.55,20.3672637045817,18.1509739118205,1.111934766493e-5,2.76378002982052,0.041701683531716,0.035085818891091,1.19407497804929,4.0346425102926204,76.8,17.24,5.96
21_uga_kaj_p1_170-180,1.211,0.138,5.56,13.0538564821722,15.0865284201104,1.111934766493e-5,2.12067537144233,0.04462734572486,0.023178885262643,0.981109261863269,3.1695908642931,74.7,16.9,8.4
21_uga_kaj_p1_180-190,0.757,0.137,6.13,10.5029393208016,10.6343825423372,1.111934766493e-5,1.67242988198877,0.041743371319318,0.006137631789659,0.756637956002874,2.47694884110062,76.6,16.959999999999997,6.44
21_uga_kaj_p1_190-200,0.836,0.069,6.39,18.7984011991007,15.8943292530602,1.111934766493e-5,3.82507105988357,0.050540955238577,0.024941372826118,2.05470656221908,5.95525995016735,39.9,40.7,19.4
cod_kal1_p2_0-10,24.19,2.185,NA,48.5672354609223,145.421869558728,0.007422795503963,11.1189503503007,0.01858357177411,0.508224319558337,6.67282140619139,18.3185796478245,NA,NA,NA
cod_kal1_p2_10-20,24.12,2.224,NA,51.836747054845,148.778278030708,1.111934766493e-5,11.7311165215357,0.009849509632024,0.232733924215121,5.96688379493809,17.9405837503209,NA,NA,NA
cod_kal1_p2_20-23,23.68,2.303,NA,50.0709234027251,146.385653494226,1.111934766493e-5,14.3620000572762,0.012771942596504,0.146134025216484,5.36392693255438,19.8848329576436,NA,NA,NA
cod_kal1_p2_23-40,24.24,2.161,NA,60.3466266508989,136.276794498494,1.111934766493e-5,18.9530758123032,0.021501608407478,0.113811660158383,4.59990322067417,23.6882923015432,NA,NA,NA
cod_kal1_p2_40-50,21.37,2.539,NA,54.2881800676451,151.284807790161,1.111934766493e-5,16.853663549276,0.00695722855322,0.156168631092441,4.52886196853894,21.5456513774606,NA,NA,NA
cod_kal1_p2_50-60,21.53,2.083,NA,48.6497119856346,155.639987087272,1.111934766493e-5,16.3804924283966,0.012746424229678,0.26851293159812,4.69570193963448,21.3574537238589,NA,NA,NA
cod_kal1_p2_60-70,20.54,1.964,NA,53.0449990451398,160.322290458433,1.111934766493e-5,16.0692241306685,0.015612145728972,0.368299042499006,5.08552499638067,21.5386603152771,NA,NA,NA
cod_kal1_p2_70-80,19.08,1.709,NA,55.5212754216456,154.919031995906,1.111934766493e-5,14.8529812033687,0.02151598114037,0.471283189896345,5.35089320871013,20.6966735831155,NA,NA,NA
cod_kal1_p2_80-90,17.25,1.81,NA,58.6734949790837,148.075649809897,1.111934766493e-5,14.0739133435257,0.035862030670134,0.706906593077622,5.61781772670383,20.4344996939773,NA,NA,NA
cod_kal1_p2_90-100,22.4,2.38,NA,67.3322469420404,100.687854609048,1.111934766493e-5,16.9394277844045,0.053409941767199,1.18580249901133,6.87373236392844,25.0523725891115,NA,NA,NA
cod_kal1_p2_ct1,22.69,2.174,NA,70.6950829502299,116.723715770538,1.111934766493e-5,17.2742211475682,0.059175880143316,1.57569364598466,7.43426198970204,26.3433526633982,NA,NA,NA
cod_kal1_p2_ct2,22.61,2.727,NA,77.7657015769506,116.491310167155,1.111934766493e-5,19.1339043634453,0.111464226296762,2.49008281753229,7.84000784000784,29.5754592472822,NA,NA,NA
cod_kal1_p2_ct3,26.4,2.525,5.77,74.7064028314028,108.785543355856,1.111934766493e-5,20.1227002842033,0.108416811621007,2.44414137045987,8.27367156237925,30.9489300286634,25.5,54.5,20
cod_kal1_p2_ct4,28.33,2.593,NA,67.8859795691717,100.972265300609,1.111934766493e-5,20.9121296945648,0.111464226296762,2.65055709755974,8.47138102040063,32.1455320388219,NA,NA,NA
cod_kal1_p2_ct5,29.15,2.564,5.75,72.6679076619847,103.134923400062,1.111934766493e-5,21.3940050703649,0.119812571464292,2.93367388187725,8.61023051935345,33.0577220430599,27.299999999999997,58.7,14
cod_kal1_p2_ct6,18.37,1.66,NA,61.4850937609974,129.688049871801,1.111934766493e-5,14.2649592301207,0.033113039639068,1.60171446313481,7.16400362869969,23.0637903615943,NA,NA,NA
cod_kal1_p2_ct7,14.57,1.351,NA,55.1956173704223,143.84255553332,1.111934766493e-5,11.8611625597654,0.027285513728895,1.27457550498396,6.9670657905952,20.1300893690735,NA,NA,NA
cod_wal1_p3_0-10,25.57,2.101,4.41,65.8156218638527,87.6817102373784,0.688252467779794,3.37395093340773,4.34971726837e-6,0.023155744944577,0.985605370454152,4.38271639852373,0,22.200000000000003,77.8
cod_wal1_p3_10-20,26.65,2.154,4.39,63.782350487616,85.7238266430969,0.735593330323262,3.30078233109458,4.34971726837e-6,0.006154037086792,0.929084083896293,4.23602480179493,0,21.700000000000003,78.3
cod_wal1_p3_20-30,22.73,1.782,4.33,62.5985312606015,83.7578076669793,0.890735460475593,3.2941460203758,4.34971726837e-6,0.006147874833367,0.774376805162952,4.07467505008939,0,19.099999999999994,80.9
cod_wal1_p3_30-40,23.87,1.982,4.3,60.0761154334709,79.3096518736107,1.07666471546969,2.9253679619059,4.34971726837e-6,2.55819902788e-6,0.648276401983561,3.57365127180576,0,20,80
cod_wal1_p3_40-50,24.68,2.051,4.24,66.5115516796122,86.9293688790004,1.31077225221035,2.63176610482,4.34971726837e-6,2.55819902788e-6,0.482172427873785,3.11394544061008,0,20.299999999999997,79.7
cod_wal1_p3_50-60,24.32,2.062,4.25,62.5332958074924,80.2428960567712,1.23095145873927,2.83494365054486,0.012763425128951,2.55819902788e-6,0.395030895393761,3.2427405292666,0,19.900000000000006,80.1
cod_wal1_p3_70-80,17.4,1.543,4.04,61.3618170902542,75.4139983990394,1.74668897143061,2.27452848314067,4.34971726837e-6,2.55819902788e-6,0.285967571277417,2.56050296233438,0,16.900000000000006,83.1
cod_wal1_p3_80-82,15.64,1.522,3.99,62.677117426359104,78.0875808254171,1.8501286792979,1.93698803528926,0.009882418117263,2.55819902788e-6,0.274876947898311,2.22174995950386,0,21.299999999999997,78.7
cod_wal1_p3_ct1,23.7,1.856,4.34,64.7343139006332,84.8009587328053,0.884789282599466,3.22290891303318,0.004071951973072,0.007868749935318,0.775671316706186,4.01052093164776,0,44.9,55.1
cod_wal1_p3_ct2,19.34,1.508,4.21,65.3060310063626,80.70839680975,1.22890260477999,2.74052427767634,4.34971726837e-6,0.014647477789484,0.591560080868454,3.34673618605155,0,21.700000000000003,78.3
cod_wal1_p3_ct3,10.94,1.272,4.07,65.0263795665573,72.5126412478682,1.51526180604352,2.47634323870629,0.009879117376409,0.004443097844021,0.291272246948305,2.78193770087502,0,18.299999999999997,81.7
cod_wal1_p3_ct4,12.3,1.41,3.97,63.8445887316358,75.0339108145577,2.05817527777317,2.067031990146,4.34971726837e-6,2.55819902788e-6,0.142936012907122,2.20997491096942,0,21.5,78.5
cod_wal1_p3_ct5,7.333,1.055,3.86,58.9520842222244,68.1986187872714,2.68321156887851,1.56405104230043,0.009885721064494,0.006156093917369,0.065992516448635,1.64608537373093,16,63,21
cod_wal3_p3_30-40,18.74,1.767,NA,68.6203267515285,105.411195750226,0.051959568527743,5.19621637899102,4.34971726837e-6,0.499685604511994,2.0595127796887,7.75541911290898,NA,NA,NA
cod_wal3_p3_40-50,17.04,1.536,NA,71.7064289551704,109.219859920011,0.334472356231393,3.53537577251913,4.34971726837e-6,0.219909354937119,1.47933224372356,5.2346217208970804,NA,NA,NA
cod_wal3_p3_50-60,16.68,1.544,NA,72.3409997301268,108.967535258429,0.687337542598298,2.76582096690633,4.34971726837e-6,0.062233356211743,1.26317878942358,4.09123746225892,NA,NA,NA
cod_wal3_p3_60-70,17.67,1.697,NA,68.4313842719917,125.359968512097,0.207630366534335,4.58203299968918,0.006961868252155,0.011259828999024,2.24948148765892,6.84973618459928,NA,NA,NA
cod_wal3_p3_70-80,17.57,1.583,NA,65.1837447416462,119.782572029526,0.029681275048214,5.40427320201106,0.012771942596504,0.001024303915069,2.61882614823791,8.03689559676054,NA,NA,NA
cod_wal3_p3_80-90,18.19,1.71,NA,67.075,124.30625,0.06678286885848,5.4775334216452,0.024382799502417,0.009560169873976,2.56941433412022,8.08089072514181,NA,NA,NA
cod_wal3_p3_90-99,14.76,1.38,NA,NA,NA,0.229799851742031,5.12608117099135,0.038857474264173,0.012961541741281,2.40778829014123,7.58568847713803,NA,NA,NA
cod_wal3_p3_ct1,15.97,1.649,4.27,70.4590818363273,107.566117764471,0.399896619318413,4.69224720721727,0.088066203768683,0.050431362787464,2.01635742565401,6.84710219942743,0,59.4,40.6
cod_wal3_p3_ct2,16.2,1.723,NA,73.313192346425,117.717774420947,0.653424103181606,3.81174212509872,0.067968870838087,0.036899565276997,1.42291176367578,5.33952232488958,NA,NA,NA
cod_wal3_p3_ct3,14.74,1.695,4.06,77.8266331658292,108.059045226131,1.34442346516606,2.99634531871461,0.065085949773986,2.55819902788e-6,1.06067063511364,4.12210446180126,0.01000000000000511,59.28999999999999,40.7
cod_wal3_p3_ct4,14.81,1.634,NA,74.55,109.55625,1.40525356648151,2.88923990868147,0.079693917187259,0.001026358687215,1.01772477723861,3.98768496179455,NA,NA,NA
cod_wal3_p3_ct5,14.69,1.584,NA,77.0438683948156,99.6822033898305,1.2994229324634201,3.60514363593348,0.073778176037923,0.004441614338898,1.3185282752208,5.0018917015311,NA,NA,NA
cod_wal3_p3_ct6,12.97,1.45,NA,69.7512437810945,97.5186567164179,0.955626814641487,4.00232180542313,0.056218864094953,2.55819902788e-6,1.54565816673431,5.60420139445142,NA,NA,NA
cod_wal3_p3_ct7,12.98,1.137,NA,75.1118290258449,82.933648111332,0.852767576837448,4.5321161611422,0.064977437020112,0.001023620818093,1.82153135098234,6.41964856996275,NA,NA,NA
cod_wal3_p3_ct8,11.95,1.085,NA,64.275,35.43125,0.802197426728921,4.86301945207781,0.091236554593891,0.002734214057859,2.0169229175477,6.97391313827726,NA,NA,NA
uga_saak1_p2_ct8,30.79,2.054,6.6,28.9000786938808,95.3229437488171,1.111934766493e-5,17.9577637804896,0.331076284432729,0.935453217382069,16.1585508538661,35.3828441361705,47.7,46.599999999999994,5.7
uga_saak2_p1_0-10,44.65,3.633,NA,32.0834742138865,89.7678454225422,1.111934766493e-5,17.8266341608214,4.34971726837e-6,5.17030875218831,5.16283434118791,28.1597816039149,NA,NA,NA
uga_saak2_p1_10-20,40.92,3.254,NA,32.8202185519685,92.2546280125742,1.111934766493e-5,18.2044305792147,4.34971726837e-6,0.665711219381502,5.26729609302012,24.1374422413336,NA,NA,NA
uga_saak2_p1_20-30,33.7,2.547,5.53,33.4042848778939,94.2030603435444,1.111934766493e-5,17.336574349633,4.34971726837e-6,0.301386223031607,4.72548681158342,22.3634517339653,50.3,37.8,11.9
uga_saak2_p1_30-40,30.44,2.265,NA,30.6360874056098,85.6970587350455,1.111934766493e-5,17.6490000703849,4.34971726837e-6,0.174631550406478,4.87164981705313,22.6952857875618,NA,NA,NA
uga_saak2_p1_40-50,30.56,2.273,NA,32.1748878923767,92.3579970104634,1.111934766493e-5,20.8970428127702,0.036053806235215,0.187418859262117,5.66985703821187,26.7903725164794,NA,NA,NA
uga_saak2_p1_50-60,32.33,2.299,NA,32.4083350030054,90.8072029653376,1.111934766493e-5,19.1471493702525,0.009829869533057,0.140450142707377,5.28785233494635,24.5852817174393,NA,NA,NA
uga_saak2_p1_60-70,33.38,2.462,NA,31.5073621162965,89.5869727976042,1.111934766493e-5,19.6207651297472,0.25029342123731,0.12198937755346,5.72031834886627,25.7133662774042,NA,NA,NA
uga_saak2_p1_70-80,34.03,2.503,NA,32.3792450549893,94.1729948032067,1.111934766493e-5,19.5998653777587,0.027303734439231,0.101815467153194,5.98831591662781,25.7173004959789,NA,NA,NA
uga_saak2_p1_80-92,25.41,1.962,NA,33.5113963663182,92.3681220661956,1.111934766493e-5,17.6042721481139,0.021430031814909,0.074259306002502,5.60886595193793,23.3088274378692,NA,NA,NA
uga_saak2_p1_ct1,31.77,2.416,NA,31.8362606910026,88.923473354732,1.111934766493e-5,18.95640915897,0.01859598564971,0.674325542019487,5.60012112528911,25.2494518119283,NA,NA,NA
uga_saak2_p1_ct2,29.41,2.132,NA,32.3453982628906,90.2678294146522,1.111934766493e-5,19.9298070525615,0.030158039727418,0.093118444614991,5.76443164678459,25.8175151836885,NA,NA,NA
uga_saak2_p1_ct3,33.21,2.83,NA,32.7369052379048,90.5575269892043,1.111934766493e-5,20.5683268584457,0.033046835627794,0.058989461089503,5.74057927489137,26.4009424300544,NA,NA,NA
uga_saak2_p1_ct4,22.06,2.167,NA,37.9054918272184,106.899529674801,1.111934766493e-5,18.73179283314,0.021465760444144,0.060734835206858,5.3932690301676,24.2072624589586,NA,NA,NA
uga_saak2_p1_ct5,13.94,1.294,NA,34.0408937814826,98.9371690296172,1.111934766493e-5,16.8472261614197,0.027276412490159,0.030036226077895,4.9505099930874,21.8550487930752,NA,NA,NA
uga_saak2_p1_ct6,6.557,0.463,NA,27.6982757761002,82.627372179064,1.111934766493e-5,15.2673659678311,0.041743371319318,0.023186608983157,4.55079350349554,19.8830894516291,NA,NA,NA
uga_saak2_p1_ct7,3.192,0.201,NA,25.2886201209456,71.6989854565446,1.111934766493e-5,13.2764773483336,0.041715570206218,0.011244830891799,4.07654870838746,17.4059864578191,NA,NA,NA
uga_saak2_p1_ct8,1.963,0.17,NA,23.5231773580399,67.9883267320821,1.111934766493e-5,12.0547328496699,0.038779914435302,0.04527484640168,3.80426586837295,15.9430534788798,NA,NA,NA
uga_saak2_p1_ct9,1.376,0.056,NA,24.863083774675,74.6707490771947,1.111934766493e-5,14.0241458572217,0.076351420136415,0.130291253680813,4.5347331016918,18.7655216327307,NA,NA,NA
uga_saak2_p1_ct10,1.691,0.137,NA,29.4734215123534,99.5819815323184,1.111934766493e-5,19.9963044274422,0.163385983307688,0.282143029648785,6.16413615179555,26.6059695921942,NA,NA,NA
uga_saak2_p1_ct11,1.646,0.167,6.18,30.0005010522096,103.673965327187,1.111934766493e-5,23.0882660635468,0.18933211936898,0.329628839799277,6.47214193264893,30.079368955364,89.7,9.03,1.27
uga_saak3_p2_0-10,32.29,2.767,5.53,27.4328216904359,83.6266719039562,1.111934766493e-5,17.2512118619903,4.34971726837e-6,0.222511350677122,4.84364120727757,22.3173687696623,47.4,37.3,15.3
uga_saak3_p2_10-20,32.97,2.696,5.56,27.2791838842975,83.6814109186268,1.111934766493e-5,17.8116360861165,4.34971726837e-6,0.103627580942375,4.92194185179401,22.8372098685702,47.2,38.199999999999996,14.6
uga_saak3_p2_20-30,34.31,2.853,5.57,28.3919824955837,84.2287116589048,1.111934766493e-5,17.8751605897314,4.34971726837e-6,0.082968617120574,4.96863241961281,22.9267659761821,52.5,34.1,13.4
uga_saak3_p2_30-40,32.35,2.681,5.59,26.8556388134261,83.2350658267905,1.111934766493e-5,18.152757505995,4.34971726837e-6,0.065852939297324,5.05310353691187,23.2717183319215,48.3,35.1,16.6
uga_saak3_p2_40-50,34.38,2.733,6.48,27.7078586849462,85.4926725896153,1.111934766493e-5,20.9697117084074,0.004054330343361,0.116839183297515,4.75986768772858,25.8504729097769,46.3,40.2,13.5
uga_saak3_p2_50-60,40.5,0.2,7.11,21.7516098437578,77.4784106224729,1.111934766493e-5,21.8085191432889,4.34971726837e-6,0.414298454048564,3.89385216213144,26.1166741091862,58.6,33.8,7.6
uga_saak3_p2_60-70,31.66,1.235,7.19,22.3908383733685,68.2480301093881,1.111934766493e-5,21.8651482082564,0.006968839415291,0.274263527288538,3.21283993631437,25.3592205112746,72.7,22.630000000000003,4.67
uga_saak3_p2_70-80,33.38,2.392,6.97,24.6697476991431,73.854282370676,1.111934766493e-5,26.4439548951283,0.001156455239183,0.114944668850105,3.34113523955762,29.9011912587752,47.9,39,13.1
uga_saak3_p2_80-90,32.24,2.856,6.79,27.9654598543056,86.5185306984763,1.111934766493e-5,25.5097687057415,0.012784740134176,0.08476063579363,3.30841306911093,28.9157271507802,61.1,28.299999999999997,10.6
uga_saak3_p2_90-94,31.99,2.901,6.53,28.4863605455782,88.5027098916043,1.111934766493e-5,25.9237947195366,0.021480085275939,0.0897973098877,3.54667021333688,29.5817423280371,57.3,32.72,9.98
uga_saak3_p2_ct1,28.05,2.356,6.55,28.3395755305868,90.5056179775281,1.111934766493e-5,21.5698602794411,0.001159924604901,0.142576959154089,4.21225832990539,25.9258554931055,50.5,36.3,13.2
uga_saak3_p2_ct2,19.47,1.964,6.61,30.1440690728377,94.1531549621003,1.111934766493e-5,22.3749168330007,4.34971726837e-6,0.072652852391916,3.7954202660085,26.2429943011184,46.6,40.4,13
uga_saak3_p2_ct3,12.18,1.273,6.65,28.8246838421564,86.1298575161959,1.111934766493e-5,21.196036166096,4.34971726837e-6,0.023171166686132,3.93408867287929,25.1533003553787,53.1,38.12,8.78
uga_saak3_p2_ct4,6.308,0.523,6.63,25.1074434429654,80.6261067669472,1.111934766493e-5,18.4893546240852,4.34971726837e-6,2.55819902788e-6,3.92156862745098,22.4109301594525,57.1,38.58,4.32
uga_saak3_p2_ct5,3.756,0.206,6.52,24.6278294472754,73.5894060288126,0.014830740466738,16.5321241478364,0.024366538882542,0.076089147478255,3.9173897126548,20.549969546852,72.5,23.58,3.92
uga_saak3_p2_ct6,2.174,0.123,6.65,26.7423660887857,80.9187111824462,1.111934766493e-5,16.5511188010132,0.082244986965328,0.247985205366155,3.95468868876874,20.8360376821134,79.4,18.53,2.07
uga_saak3_p2_ct7,1.392,0,6.35,28.0946747934879,95.7311632849467,1.111934766493e-5,20.0626008621056,0.105272412612329,0.3088889251754,4.78635882265419,25.2631210225475,92.78,6.119999999999999,1.1
uga_saak3_p2_ct8,3.461,0.069,7.44,32.562306236663,113.282350928051,1.111934766493e-5,23.2165668662675,0.108452950558214,0.255137716381001,3.68572603866722,27.2658835718739,88.9,10.09,1.01
21_cod_ikul_profile06,3.786,0.4,4.26,66.5826612903226,124.829889112903,1.31559126784348,0.366579674874849,0.006978156045525,2.55819902788e-6,0.115486903785111,0.489047292904513,0,26.09999999999999,73.9
21_cod_ikul_profile07,3.447,0.43,4.13,72.1077457795432,118.687934458789,1.63192560792938,0.189414366730182,0.015669428451794,2.55819902788e-6,0.082325554208771,0.287411907589774,0,11.400000000000006,88.6
21_cod_ikul_profile08,2.877,0.413,4.11,73.3971172962227,118.085238568588,1.81237196409127,0.143000572002288,0.030218476680779,0.002734214057859,0.060452730498705,0.236405993239631,0,9.700000000000003,90.3
21_cod_ikul_profile09,2.554,0.313,4.06,70.9825870646766,112.891791044776,2.00555288998198,0.125871385349102,0.021422900356735,2.55819902788e-6,0.05475585391412,0.202052697818984,0,7.900000000000006,92.1
21_cod_ikul_profile10,2.428,0.279,4.15,71.8844221105528,118.511306532663,1.98731922254292,0.129451001298503,0.001160311375359,0.001023620818093,0.054865402138022,0.186500335629978,0,23.5,76.5
21_cod_ikul_profile11,2.434,0.31,4.04,64.9875621890547,112.85447761194,2.08302446256486,0.14604125083167,0.018558793678411,0.002728745629743,0.054847113670643,0.222175903810467,0,8.799999999999997,91.2
21_cod_ikul_profile12,2.37,0.325,4.02,65.3205765407555,119.191103379722,2.0996640537514,0.119110183887544,0.00694103819422,2.55819902788e-6,0.043760994949981,0.169814775230773,0,10.200000000000003,89.8
21_uga_kais_profile04,4.199,0.252,NA,59.9879723363737,51.4746416758545,0.051838450652387,8.81653276862858,0.111241520549916,0.067468985350797,3.62725167332325,12.6224949478525,8.799999999999997,65.1,26.1
cod_wal3_p3_0-10,21.68,1.699,NA,65.2372579988279,105.436272610782,1.111934766493e-5,6.14148620703889,4.34971726837e-6,0.914056970870493,2.23376670419797,9.28931423182462,NA,NA,NA
cod_wal3_p3_10-20,20.06,1.466,NA,68.6660734104567,111.941697579315,1.111934766493e-5,6.10690530850212,4.34971726837e-6,0.989477581956477,2.24549244157087,9.34187968174674,NA,NA,NA
cod_wal3_p3_20-30,20.65,1.463,NA,66.8293466690768,104.869604948686,0.037101593810267,5.08126223362418,0.012771942596504,0.706086832120771,1.94902155686469,7.74914256520615,NA,NA,NA
uga_saak1_p2_0-10,85.66,7.273,NA,23.5392864301463,66.8533273201043,1.111934766493e-5,28.4671600633893,0.009829869533057,1.49904171683806,13.6106147483779,43.5866463981383,NA,NA,NA
uga_saak1_p2_10-20,86.18,7.627,6.4,23.437107707758,61.9445141852875,1.111934766493e-5,30.2724550898204,0.038857474264173,0.311418094994457,12.9329494035376,43.5556800626166,36.1,51.5,12.4
uga_saak1_p2_20-30,123.6,10.26,NA,21.2304113736853,56.0525471480564,1.111934766493e-5,38.9274837045961,0.091145226711415,0.132476639682234,11.4745212784428,50.6256268494325,NA,NA,NA
uga_saak1_p2_30-40,183.9,14.58,NA,19.6829543849739,46.8746847701091,1.111934766493e-5,46.5110472850163,0.207184665084828,0.081234338710671,15.3893902667595,62.1888565555713,NA,NA,NA
uga_saak1_p2_40-50,180.6,13.69,NA,18.083092058467,24.8642515803921,0.007400564169675,41.606969090106,0.36882128452,0.048695169515802,15.9941849283143,58.0186704724561,NA,NA,NA
uga_saak1_p2_50-60,249.1,18.09,5.75,16.8600453278245,27.7469965302152,0.007400564169675,38.7242154625856,0.490410718977143,0.057208311039544,19.3835722855983,58.6554067782006,37.8,57.47,4.73
uga_saak1_p2_60-70,328.6,21.24,NA,10.2367274666237,21.7624777407769,0.044596314164186,38.7390326299273,0.512894469346124,0.313960789785809,25.0166631104033,64.5825509994625,NA,NA,NA
uga_saak1_p2_70-80,290.8,19.08,NA,10.8362511034626,27.0596316170563,0.185507969051334,35.6973740207273,0.366903078226842,0.175155969476768,27.7090473168905,63.9484803853214,NA,NA,NA
uga_saak1_p2_ct1,229,12.92,NA,15.0585929728224,52.1082030161951,0.155878705583229,33.6206758712215,0.320566613103393,0.253770611177315,24.7635816629769,58.9585947584791,NA,NA,NA
uga_saak1_p2_ct2,98.52,5.797,NA,22.8154374098573,73.3388869547919,0.022283261853581,23.4364270790416,0.268479542817693,0.527361536409563,22.1476821736164,46.3799503318853,NA,NA,NA
uga_saak1_p2_ct3,65,4.128,NA,26.9882685681279,90.021062800008,1.111934766493e-5,20.4511137405827,0.267407768195666,0.698866614004872,20.0011330691148,41.418521191898,NA,NA,NA
uga_saak1_p2_ct4,63.22,3.901,NA,26.9442574187778,87.4966084151501,1.111934766493e-5,19.3638739865166,0.256514347247883,0.695611690303982,19.2586913145717,39.5746913386402,NA,NA,NA
uga_saak1_p2_ct5,57.44,3.953,NA,27.0308667823174,89.2118302725768,1.111934766493e-5,20.2021912912943,0.25012683659755103,0.695693925320169,20.150154240396,41.298166293608,NA,NA,NA
uga_saak1_p2_ct6,46.27,3.118,NA,26.0496741620957,86.0283979884345,1.111934766493e-5,18.9694116611415,0.256942871048831,0.777118127682081,18.9830020218574,38.9864746817298,NA,NA,NA
uga_saak1_p2_ct7,22.84,1.527,NA,29.0755442504695,100.112526454895,1.111934766493e-5,16.2671324018629,0.247643903146296,0.940735055854012,16.2347456465104,33.6902570073736,NA,NA,NA
21_cod_ikul_profile17,0.15,0.001,4.11,0.79853070350555,1.94018006867364,1.111934766493e-5,0.600795082048881,0.354346351846531,0.004426833592346,0.016426756174236,0.975995023661993,0,44.8,55.2
22CODKABASL_0-10,35.24,2.37,NA,41.0901705708212,77.1207108938825,2.8494024046285,0.713454638937008,0.002902714226478,0.103283978102772,0.144117791176615,0.963759122442873,NA,NA,NA
22CODKABASL_10-20,32.11,2.16,NA,44.2631983025075,78.0605551635377,3.00663013783844,0.605681743406294,0.005793829195308,0.046853462049164,0.132871379272037,0.791200413922803,NA,NA,NA
22CODKABASL_20-30,22.58,1.65,NA,41.7865401830117,76.7667097672568,2.78724981467754,0.503160345974717,0.002899811512252,0.012790995139422,0.138488962018374,0.657340114644765,NA,NA,NA
22CODKAHISL1_010,27.87,1.88,NA,9.7009602024613,15.3272628026995,2.12396191669678,0.050647457165536,4.34971726837e-6,0.045119650075831,0.067075921044797,0.162847378003431,NA,NA,NA
22CODKAHISL1_1020,15.28,1.17,NA,18.4555786669859,29.6603617354523,1.62072355315887,0.014114865111707,4.34971726837e-6,0.007661827371368,0.028746823304913,0.050527865505255,NA,NA,NA
22CODKAHISL1_2030,10.39,0.95,NA,18.5462369178376,28.9587544685978,1.46385029099569,0.010782955365864,0.005784198495183,2.55819902788e-6,0.01777790419843,0.034347616258505,NA,NA,NA
22CODKALAP4_0-10,33.57,3.05,5.69,46.460350742473,103.573494360396,1.111934766493e-5,13.9709158706087,0.102212677324799,0.042580989041156,8.2606304768799,22.3763400138546,0,34.3,65.7
22CODKALAP4_10-20,32.6,2.92,5.8,41.3871090979914,90.7464467993728,1.111934766493e-5,15.3514257956236,0.173065673808126,0.021205230668803,8.4139218559565,23.959618556057,0,30.900000000000006,69.1
22CODKALAP4_100-112,15.92,1.42,5.27,52.2021353286268,92.2926817142289,1.111934766493e-5,11.6871955228046,0.201776148963836,0.011019412644963,6.31477827127459,18.214769355688,0,17.599999999999994,82.4
22CODKALAP4_115-120,16.93,1.56,5.16,43.2550398208064,84.2521154803385,1.111934766493e-5,10.931185405137,0.237908753393962,0.026129874749396,5.89448346013905,17.0897074934194,0,15.400000000000006,84.6
22CODKALAP4_130-140,11.29,1.32,5.2,49.3260232311933,104.401791778195,1.111934766493e-5,8.91474551720825,0.220856069676935,0.022773285114698,4.99781438863303,14.1561892606329,0,17.400000000000006,82.6
22CODKALAP4_140-150,7.79,0.96,5.21,51.6959645482748,135.905345689234,1.111934766493e-5,7.73849389242693,0.19575167058218,0.017777028320838,4.48786235370889,12.4398849450388,0,21.400000000000006,78.6
22CODKALAP4_150-160,7.76,1.01,5.23,45.7412963536618,121.242742797758,1.111934766493e-5,7.53390378889625,0.20733226287402,0.029231787781898,4.37407074498738,12.1445385845395,0,17.900000000000006,82.1
22CODKALAP4_160-170,9.43,1.04,5.19,44.9790079941138,122.764084156939,1.111934766493e-5,7.55714484651959,0.210982963848214,0.024647100268653,4.34722596145305,12.1400008720895,0,19.900000000000006,80.1
22CODKALAP4_170-180,11.04,0.91,5.15,35.0962595297809,131.499735214476,1.111934766493e-5,7.50653151767397,0.190309141341013,0.029677482922092,4.14080255761708,11.8673206995542,0,22.299999999999997,77.7
22CODKALAP4_180-190,12.02,0.93,4.98,51.1025122646777,156.318552568602,1.111934766493e-5,8.5240681121245,0.226966753105566,0.04815632251962,5.15278489480059,13.9519760825503,0,22.599999999999994,77.4
22CODKALAP4_190-205,13.35,1.1,4.94,45.314164600695,108.457291635553,1.111934766493e-5,9.11430742708554,0.236583573574926,0.047777635841877,5.47887083235167,14.877539468854,0,21.900000000000006,78.1
22CODKALAP4_20-30,30.88,2.73,5.66,27.2877032297865,65.3904897414977,1.111934766493e-5,16.3094337815539,0.20871685659659,0.002557346579025,8.43952879548858,24.9602367802181,0,30.400000000000006,69.6
22CODKALAP4_205-210,20.85,1.84,5.38,26.2843559445514,61.9317671480325,1.111934766493e-5,11.0011731960143,0.240221072020851,0.052980453240209,6.25954854983745,17.5539232711128,0,23,77
22CODKALAP4_210-220,19.17,1.68,5.15,38.4527751143605,76.9623559257706,1.111934766493e-5,10.1226354690685,0.204050165876978,0.043101470241858,5.73068083124633,16.1004679364337,0,22,78
22CODKALAP4_220-230,14.68,1.43,4.89,49.4330255596792,80.4414082764675,1.111934766493e-5,8.49760452847586,0.219769179570257,0.036090078149287,4.94082881762363,13.694292603819,0,13.799999999999997,86.2
22CODKALAP4_230-240,16.53,1.62,4.7,54.1741457585424,73.9055109448906,0.037027464751705,8.12643776715633,0.24334082620294,0.048557224305498,4.65871712272371,13.0770529403885,0,13,87
22CODKALAP4_240-250,16.37,1.6,4.63,48.2175279853546,66.4058201534568,0.051803949187726,8.14427716945477,0.251863828518368,0.050227534990076,4.89654223627014,13.3429107692334,0,15.299999999999997,84.7
22CODKALAP4_250-260,18.73,1.66,4.62,47.5311008010548,73.5070117261631,0.073784656038069,7.58022773298791,0.236680037164539,0.056867728887941,4.6526329753622,12.5264084744026,0,18.700000000000003,81.3
22CODKALAP4_260-270,38.9,2.49,4.82,44.1403601061071,86.4302026407116,0.01469355489255,8.61590331065652,0.206924111875245,0.06845527626648,5.52955662848976,14.420839327288,0,24.200000000000003,75.8
22CODKALAP4_270-280,51.51,3.97,4.93,29.4604224200672,44.6708971815399,1.111934766493e-5,10.7252491716238,0.28998115122517,0.083584720713054,7.4518764093604,18.5506914529224,0,24.299999999999997,75.7
22CODKALAP4_280-294,107.8,8.58,3.77,29.8689066297462,49.1366687915853,0.717138778922133,13.4612755871236,0.271857329273597,0.02636441817301,10.3508428367627,24.1103401713329,1.7000000000000028,87.89999999999999,10.4
22CODKALAP4_30-40,31.66,2.71,5.46,39.5615487176414,95.7212268296581,1.111934766493e-5,16.5569776078974,0.204826450832691,8.36559525142e-4,7.73876990550711,24.5014105237623,0,35.3,64.7
22CODKALAP4_40-50,31.01,2.74,5.42,40.7827835740504,94.8384635333546,1.111934766493e-5,16.7419622090914,0.215617181181967,0.004227030779716,7.5106651445052,24.4724715655583,0,57.3,42.7
22CODKALAP4_50-60,18.1,1.81,5.48,51.6525802712183,104.336344649085,1.111934766493e-5,13.6695752489712,0.181839540748365,2.55819902788e-6,6.60157984799852,20.4529971959171,0,19.099999999999994,80.9
22CODKALAP4_60-70,15.06,1.66,5.72,55.2779881967343,104.559655011932,1.111934766493e-5,13.2364340703663,0.183085764666993,2.55819902788e-6,6.51591285477198,19.9354352480043,0,19.599999999999994,80.4
22CODKALAP4_70-80,13.99,1.53,5.63,58.9028129499975,107.769750235861,1.111934766493e-5,12.6586042296233,0.165069163979708,2.55819902788e-6,6.75501360862057,19.5786895604226,0,19,81
22CODKALAP4_80-90,12.25,1.46,5.18,49.0515843313373,78.2622255489022,1.111934766493e-5,11.059424120509,0.152919747716398,0.004163735396947,5.87705033936652,17.0935579429889,0,15.5,84.5
22CODKALAP4_90-100,14.52,1.48,5.17,54.5839748683818,100.309178504023,1.111934766493e-5,12.0007986689736,0.194028666432288,0.005961182821302,6.3770724458435,18.5778609640707,0,15.900000000000006,84.1
22CODKONGSL2_010,21.67,2.03,NA,51.2203938824846,85.3907358200308,1.111934766493e-5,8.01134050307346,0.002885384589305,0.552367352289461,4.41642057094208,12.9830138108943,NA,NA,NA
22CODKONGSL2_1020,14.18,1.52,NA,44.4913190107419,71.0654509118161,0.021852632161684,5.13303559928947,0.01139788344154,0.243837509700082,3.08952911022235,8.47780010265344,NA,NA,NA
22CODKONGSL2_2030,7.62,0.91,NA,52.9844301406631,88.1318654008649,0.37729597297013,2.69037780881956,0.01986820285719,0.062598671155409,1.7729128179181,4.54575750075026,NA,NA,NA
22CODKALAP4_120-130,15.96,1.57,5.13,45.2525733749475,82.5093031630755,1.111934766493e-5,10.1640843813041,0.255524111894009,0.01793130159732,5.47693098545215,15.9144707802476,0,15.099999999999994,84.9
22CODLUKAP1_0-10,36.71,3.35,NA,66.4701639196704,90.9546645597472,0.087267607573083,6.91635042537554,0.002844811817121,0.144724797849574,3.18132988467309,10.2452499197153,NA,NA,NA
22CODLUKAP1_10-20,33.84,3.14,NA,67.665353682509,94.1644132233054,0.080841258634704,7.11481861129031,0.008624687247279,0.044806526264994,3.04640734639568,10.2146571711983,NA,NA,NA
22CODLUKAP1_20-30,32.66,2.97,NA,72.8173999940191,105.046152772655,0.022040332338825,9.07418727131136,0.011495783993069,0.004225634337437,3.60528722914311,12.695195918785,NA,NA,NA
22CODLUKAP1_30-40,29.32,2.91,NA,63.76672008494,93.6535618246227,1.111934766493e-5,9.58007648824488,0.002887299879441,0.004245268881322,3.87870851157394,13.4659175685796,NA,NA,NA
22CODLUKAP1_40-50,23.72,2.48,NA,61.3792979373871,78.7562285351279,1.111934766493e-5,8.48564565341023,0.034148908878332,0.00585783225227,4.09738619055712,12.623038585098,NA,NA,NA
22CODLUKAP1_50-60,21.87,2.32,NA,60.8044005595571,81.5710756592654,1.111934766493e-5,6.69063599229165,0.080871237393474,0.01953472033245,3.85814482369439,10.649186773712,NA,NA,NA
22CODLUKAP1_60-70,22.48,2.5,NA,78.7143930468469,100.848925675946,1.111934766493e-5,6.49845970905978,0.111056611107512,0.007536429214717,4.11084054099362,10.7278932903756,NA,NA,NA
22CODLUKAP1_70-80,24.45,2.65,NA,90.0366564918784,108.736856188617,1.111934766493e-5,6.15100710072589,0.094808896866882,8.44847763502e-4,3.73451243759737,9.98117328295364,NA,NA,NA
22CODLUKAP1_80-97,17.46,1.96,NA,86.0758522812304,107.956869631152,1.111934766493e-5,4.99911075497233,0.097973095147292,2.55819902788e-6,3.27692882687719,8.37401523519584,NA,NA,NA
22CODMWISSL1_010,15.32,1.1,NA,52.7065041818614,110.300311162201,2.1945115193506,0.303847750044466,0.017226603043079,2.55819902788e-6,0.1588394133531,0.479916324639673,NA,NA,NA
22CODMWISSL1_1020,11.99,0.97,NA,60.4809456616041,115.7333539425,2.38819486793721,0.19747041221334,0.008570871464783,2.55819902788e-6,0.104020387996047,0.310064229873198,NA,NA,NA
22CODMWISSL1_2030,11.37,0.99,NA,62.6222951913406,114.907690469315,2.29174608913043,0.13183347777697,0.005710163791766,8.3957959563e-4,0.076951562501477,0.215334783665842,NA,NA,NA
22CODNTEVSL1_010,6.38,0.77,NA,73.3502937994422,110.441542844098,4.25314126792751,1.3570803371712,0.020184302869501,0.082249024098371,1.48479880976128,2.94431247390035,NA,NA,NA
22CODNTEVSL1_1020,5.99,0.81,NA,77.5543888486101,112.40900016884,4.5661480926896,0.801226166635116,0.014474932673469,0.004256570761871,1.1676685847186,1.98762625478906,NA,NA,NA
22CODNTEVSL1_2030,5.55,0.84,NA,76.6098892033239,114.87780366589,4.75036573451348,0.503572508238348,0.005691484813055,2.55819902788e-6,1.21239571681181,1.72166226806224,NA,NA,NA
22UGANTUP1_0-10,37.17,2.57,5.86,19.5487376688721,22.1056515193534,1.111934766493e-5,15.8714244226822,0.022961226095032,0.151078068621347,4.71882417270272,20.7642878901013,52.4,34.400000000000006,13.2
22UGANTUP1_10-20,39.68,2.69,5.91,20.1982692613659,22.2930173819657,1.111934766493e-5,14.4223544915499,0.014489397962617,0.048573399263627,4.18341700624101,18.6688342950172,38.7,44.099999999999994,17.2
22UGANTUP1_100-110,13.04,0.92,5.13,19.3273305614137,24.3188473878322,0.029425994482136,7.78545456226152,0.060432724205047,0.034696050328567,2.02614998980121,9.90673332659634,48.7,35.5,15.8
22UGANTUP1_110-120,9.32,0.69,5.17,16.143830287051,21.4284652287685,1.111934766493e-5,5.87737001503199,0.04545752860486,0.025899467623911,1.61344015802847,7.56216716928923,69.2,21.17,9.63
22UGANTUP1_120-130,11.88,0.93,5.23,19.592751315356,23.6551920369797,1.111934766493e-5,7.14272420859247,0.055041377355427,0.023000790460499,1.99581030514803,9.21657668155643,45.4,36.6,18
22UGANTUP1_130-140,8.5,0.7,5.27,15.447247706422,19.7061740639722,1.111934766493e-5,5.66760514292974,0.043482678457623,0.011081835175774,1.49271509798393,7.21488475454707,63.7,24.599999999999998,11.7
22UGANTUP1_140-150,7.37,0.59,5.31,15.7068079143937,18.580525166296,1.111934766493e-5,5.23902460331327,0.046150846348834,0.01611597530829,1.36526759244812,6.66655901741851,64.7,23.699999999999996,11.6
22UGANTUP1_150-160,3.07,0.4,5.5,8.02777168330458,10.9264208710221,1.111934766493e-5,2.24501394037322,0.020137579946192,0.002537895860996,0.567243214302038,2.83493263048245,86.7,8.68,4.62
22UGANTUP1_160-170,3.98,0.4,5.44,9.12504593716789,12.1857649407535,1.111934766493e-5,2.93710100460237,0.028758461278529,8.45685629053e-4,0.757434106972269,3.72413925848222,83.2,11.530000000000001,5.27
22UGANTUP1_170-180,9.96,0.78,5.3,18.0110378511592,19.408780594449,1.111934766493e-5,6.48883273610777,0.07731558014891,0.015999269759646,1.66951508778562,8.25166267380194,59.8,27.6,12.6
22UGANTUP1_180-190,6.4,0.58,5.41,13.5795964684757,18.2000698324022,1.111934766493e-5,5.14839380726749,0.049149347665283,0.007651642157182,1.40672183367626,6.61191663076621,74.7,17.25,8.05
22UGANTUP1_190-200,5.31,0.47,5.45,12.1021953498544,17.9860137774729,1.111934766493e-5,4.08744722536494,0.045816640088243,0.007578601465095,1.06291106562183,5.20375353254011,77.4,15.3,7.3
22UGANTUP1_20-30,39.88,2.7,5.8,19.9337314338583,22.1164655438275,1.111934766493e-5,16.1466419773007,0.020011844152904,0.061369874806296,4.49474169294007,20.7227653892,47.5,37.5,15
22UGANTUP1_200-210,10.67,0.76,5.46,17.409852660273,23.3109654184408,1.111934766493e-5,6.76843891543051,0.059760590537081,0.019247163114603,1.83675932680147,8.68420599588366,65.7,23.599999999999998,10.7
22UGANTUP1_210-220,7.29,0.55,5.45,10.4315902578797,13.7818843048069,1.111934766493e-5,5.81459332729356,0.03997114654236,8.3957959563e-4,1.4917802905988,7.34718434403035,77.2,16.59,6.21
22UGANTUP1_30-40,40.35,2.79,5.45,18.0572562414484,20.5920700390648,1.111934766493e-5,13.8059945682406,4.34971726837e-6,0.071294071268909,4.13915881611157,18.0164518053384,53.1,33.7,13.2
22UGANTUP1_40-50,27.76,1.83,5.34,16.1620929009467,19.3192192430587,1.111934766493e-5,10.6246323099748,0.020144241401682,0.051620952927869,3.04398759381149,13.7403850981158,64.7,24.699999999999996,10.6
22UGANTUP1_50-60,15.89,1.22,5.04,19.1170457924472,22.4935573396769,0.014645173085199,7.63454980062923,0.020051380229597,0.027797355258539,1.97888458362223,9.6612831197396,57.8,28.900000000000002,13.3
22UGANTUP1_60-70,19.98,1.46,5.14,20.1056216739719,23.4319618199427,0.124812750283215,9.36473042689794,0.057440967558634,0.081923177849054,2.43498369457238,11.939078266877999,60.8,26.800000000000004,12.4
22UGANTUP1_70-80,18.38,1.33,4.92,17.932587702304,21.6523600886213,0.058484405864231,9.42641344529875,0.048616169337553,0.022705908531518,2.33262502667306,11.8303605498409,56.5,29.8,13.7
22UGANTUP1_80-90,18.51,1.34,4.97,20.1271662307585,23.365593866672,0.036480799425646,9.60104070075073,0.051374613406034,0.034411469863274,2.53856842555314,12.2253952095732,44.9,37,18.1
22UGANTUP1_90-100,16.28,1.2,4.96,16.4159631715295,20.8110365384038,0.036421053602807,8.79096703415965,0.056989417207698,0.027651676357741,2.38889451043359,11.2645026381587,47.1,34.7,18.2
21_uga_ntu_SL_10-20,NA,NA,4.88,NA,NA,NA,NA,NA,NA,NA,NA,0.09999999999999432,61.900000000000006,38
21_uga_ntu_p1_20-30,NA,NA,4.79,NA,NA,NA,NA,NA,NA,NA,NA,14.299999999999995,62,23.7
21_uga_ntu_p1_110-120,NA,NA,4.22,NA,NA,NA,NA,NA,NA,NA,NA,24.700000000000003,54.9,20.4
21_uga_nyan_p1_40-50,NA,NA,4.39,NA,NA,NA,NA,NA,NA,NA,NA,62,27.6,10.4
21_uga_nyan_p1_130-140,NA,NA,5.36,NA,NA,NA,NA,NA,NA,NA,NA,71.6,23.28,5.12
21_uga_nyan_p1_140-150,NA,NA,5.61,NA,NA,NA,NA,NA,NA,NA,NA,75,21.03,3.97
21_uga_mita_p1_0-10,NA,NA,5.37,NA,NA,NA,NA,NA,NA,NA,NA,30.200000000000003,48.099999999999994,21.7
21_uga_mita_p1_110-120,NA,NA,5.44,NA,NA,NA,NA,NA,NA,NA,NA,12.400000000000006,61.3,26.3
21_uga_mita_p1_120-130,NA,NA,5.73,NA,NA,NA,NA,NA,NA,NA,NA,21.09999999999999,56.00000000000001,22.9
21_uga_mita_p1_190-200,NA,NA,5.99,NA,NA,NA,NA,NA,NA,NA,NA,63,28.97,8.03
21_uga_muk2_SL_10-20,NA,NA,6.22,NA,NA,NA,NA,NA,NA,NA,NA,19.700000000000003,59.8,20.5
21_uga_muk2_SL_20-30,NA,NA,6.11,NA,NA,NA,NA,NA,NA,NA,NA,11.700000000000005,63.2,25.1
21_uga_muk2_PLAT_40-50,NA,NA,4.19,NA,NA,NA,NA,NA,NA,NA,NA,0,29.90000000000001,70.1
21_uga_muk2_PLAT_70-80,NA,NA,4.59,NA,NA,NA,NA,NA,NA,NA,NA,0,30.59999999999999,69.4
21_uga_muk2_PLAT_150-160,NA,NA,5.05,NA,NA,NA,NA,NA,NA,NA,NA,0,54.8,45.2
21_uga_muk2_p1_20-30,NA,NA,5.97,NA,NA,NA,NA,NA,NA,NA,NA,13.299999999999995,66,20.7
21_uga_muk2_p2_10-20,NA,NA,6.62,NA,NA,NA,NA,NA,NA,NA,NA,10.799999999999995,62.900000000000006,26.3
21_uga_muk2_p2_90-100,NA,NA,5.72,NA,NA,NA,NA,NA,NA,NA,NA,31.40000000000001,52.39999999999999,16.2
21_uga_rus_p1_30-40,NA,NA,5.07,NA,NA,NA,NA,NA,NA,NA,NA,14.400000000000006,65.1,20.5
21_uga_rus_p1_80-90,NA,NA,5.15,NA,NA,NA,NA,NA,NA,NA,NA,26.700000000000003,55.8,17.5
21_uga_rus_p1_140-150,NA,NA,5.46,NA,NA,NA,NA,NA,NA,NA,NA,30,54.3,15.7
21_uga_rus_p1_190-200,NA,NA,5.57,NA,NA,NA,NA,NA,NA,NA,NA,27.09999999999999,56.60000000000001,16.3
21_uga_rus_p1_250-260,NA,NA,5.62,NA,NA,NA,NA,NA,NA,NA,NA,23,61.9,15.1
21_uga_kik_p1_10-20,NA,NA,5.58,NA,NA,NA,NA,NA,NA,NA,NA,20.09999999999999,60.60000000000001,19.3
21_uga_kik_p1_50-60,NA,NA,5.26,NA,NA,NA,NA,NA,NA,NA,NA,12.099999999999994,65,22.9
21_uga_kik_p1_100-110,NA,NA,4.49,NA,NA,NA,NA,NA,NA,NA,NA,21.09999999999999,59.7,19.2
21_uga_bug_SL_10-20,NA,NA,4.85,NA,NA,NA,NA,NA,NA,NA,NA,40.4,50.08,9.52
21_cod_ikul_profile01B,NA,NA,4.48,NA,NA,NA,NA,NA,NA,NA,NA,0,33.900000000000006,66.1
21_uga_mati_profile01,NA,NA,4.69,NA,NA,NA,NA,NA,NA,NA,NA,0.09999999999999432,71.4,28.5
21_uga_mati_profile04,NA,NA,6.27,NA,NA,NA,NA,NA,NA,NA,NA,13,62.9,24.1
21_uga_mati_profile09,NA,NA,6.71,NA,NA,NA,NA,NA,NA,NA,NA,6.099999999999994,66.30000000000001,27.6
21_uga_kik_p2_40-50,NA,NA,4.99,NA,NA,NA,NA,NA,NA,NA,NA,10.599999999999994,64.5,24.9
21_uga_kik_p2_150-160,NA,NA,5.45,NA,NA,NA,NA,NA,NA,NA,NA,24.200000000000003,60.2,15.6
21_uga_muk_p2_100-110,NA,NA,4.33,NA,NA,NA,NA,NA,NA,NA,NA,74.9,17.17,7.93
21_uga_muk_p2_70-80,NA,NA,4.05,NA,NA,NA,NA,NA,NA,NA,NA,70,21.26,8.74
21_uga_muk_p2_20-30,NA,NA,5.24,NA,NA,NA,NA,NA,NA,NA,NA,70.6,21.21,8.19
21_uga_muk_SL_0-10,NA,NA,5.24,NA,NA,NA,NA,NA,NA,NA,NA,51.4,30.700000000000003,17.9
cod_kal1_p3_ct5,NA,NA,5.37,NA,NA,NA,NA,NA,NA,NA,NA,11.400000000000006,65.69999999999999,22.9
cod_kal1_p3_ct1,NA,NA,5.45,NA,NA,NA,NA,NA,NA,NA,NA,11.400000000000006,62.7,25.9
cod_tchi1_p7_ct2,NA,NA,4.79,NA,NA,NA,NA,NA,NA,NA,NA,7.400000000000006,61.599999999999994,31
cod_tchi1_p5_ct4,NA,NA,5.35,NA,NA,NA,NA,NA,NA,NA,NA,2.700000000000003,67.6,29.7
cod_wal1_p1_ct1,NA,NA,4.26,NA,NA,NA,NA,NA,NA,NA,NA,0,44.9,55.1
uga_isu1_p2_ct9,NA,NA,6.24,NA,NA,NA,NA,NA,NA,NA,NA,35.5,51.9,12.6
uga_buja1_p1_ct2,NA,NA,5.51,NA,NA,NA,NA,NA,NA,NA,NA,6,66.8,27.2
uga_buja1_p1_ct10,NA,NA,5.78,NA,NA,NA,NA,NA,NA,NA,NA,27.59999999999999,53.2,19.2
cod_kal1_p3_ct6,NA,NA,6.27,NA,NA,NA,NA,NA,NA,NA,NA,36.4,53.1,10.5
uga_buja1_p3_ct5,NA,NA,6.18,NA,NA,NA,NA,NA,NA,NA,NA,26.09999999999999,55.50000000000001,18.4
uga_buja1_p4_ct8,NA,NA,6.39,NA,NA,NA,NA,NA,NA,NA,NA,14.700000000000005,72.5,12.8
cod_kal1_p5_ct7,NA,NA,6.88,NA,NA,NA,NA,NA,NA,NA,NA,0,45.3,54.7
cod_wal3_p5_ct2,NA,NA,4.14,NA,NA,NA,NA,NA,NA,NA,NA,15.599999999999994,61.400000000000006,23
cod_wal3_p5_ct9,NA,NA,3.89,NA,NA,NA,NA,NA,NA,NA,NA,25.40000000000001,57.8,16.8
cod_wal2_p4_ct6,NA,NA,3.75,NA,NA,NA,NA,NA,NA,NA,NA,10.400000000000006,70.1,19.5
uga_isu1_p1_ct8,NA,NA,6.07,NA,NA,NA,NA,NA,NA,NA,NA,33.7,52,14.3
uga_isu1_p1_ct3,NA,NA,5.77,NA,NA,NA,NA,NA,NA,NA,NA,38.3,46.8,14.9
uga_buja1_p4_ct3,NA,NA,6.385,NA,NA,NA,NA,NA,NA,NA,NA,86.4,11.09,2.51
cod_kal1_p5_ct2,NA,NA,6.58,NA,NA,NA,NA,NA,NA,NA,NA,8.900000000000006,55.8,35.3
uga_mita1_p1_ct9,NA,NA,5.89,NA,NA,NA,NA,NA,NA,NA,NA,32.5,43.4,24.1
uga_mita1_p1_ct4,NA,NA,5.49,NA,NA,NA,NA,NA,NA,NA,NA,33.8,43,23.2
cod_tchi3_p3_ct7,NA,NA,4.7,NA,NA,NA,NA,NA,NA,NA,NA,2.0999999999999943,65.60000000000001,32.3
cod_wal2_p1_ct1,NA,NA,4.17,NA,NA,NA,NA,NA,NA,NA,NA,14.5,65.3,20.2
cod_tchi3_p2_ct4,NA,NA,5,NA,NA,NA,NA,NA,NA,NA,NA,0,53,47
cod_wal3_p6_ct6,NA,NA,3.95,NA,NA,NA,NA,NA,NA,NA,NA,0.09999999999999432,68.60000000000001,31.3
cod_wal3_p5_ct3,NA,NA,4,NA,NA,NA,NA,NA,NA,NA,NA,26.90000000000001,55.3,17.8
cod_wal2_p5_ct9,NA,NA,3.63,NA,NA,NA,NA,NA,NA,NA,NA,11.099999999999994,68.5,20.4
uga_buja1_p2_ct10,NA,NA,5.91,NA,NA,NA,NA,NA,NA,NA,NA,29.200000000000003,53.9,16.9
uga_saak3_p3_ct4,NA,NA,6.68,NA,NA,NA,NA,NA,NA,NA,NA,49.8,41.580000000000005,8.62
cod_wal1_p1_ct10,NA,NA,3.77,NA,NA,NA,NA,NA,NA,NA,NA,0,31.40000000000001,68.6
cod_wal1_p2_ct4,NA,NA,4.11,NA,NA,NA,NA,NA,NA,NA,NA,21,50.5,28.5
cod_tchi1_p2_ct9,NA,NA,4.66,NA,NA,NA,NA,NA,NA,NA,NA,2.5,68.6,28.9
cod_wal3_p6_ct1,NA,NA,4.32,NA,NA,NA,NA,NA,NA,NA,NA,0,45,55
uga_buja1_p2_ct9,NA,NA,5.91,NA,NA,NA,NA,NA,NA,NA,NA,34.2,49.099999999999994,16.7
cod_tchi1_p4_ct3,NA,NA,5.29,NA,NA,NA,NA,NA,NA,NA,NA,7,62.9,30.1
cod_wal1_p2_20-30,NA,NA,4.33,NA,NA,NA,NA,NA,NA,NA,NA,10,61,29
uga_buja1_p4_50-60,NA,NA,5.69,NA,NA,NA,NA,NA,NA,NA,NA,50.6,38.3,11.1
cod_mud1_p1_80-86,NA,NA,4.13,NA,NA,NA,NA,NA,NA,NA,NA,0,50.6,49.4
cod_kal1_p5_60-70,NA,NA,6.6,NA,NA,NA,NA,NA,NA,NA,NA,3.5999999999999943,64.5,31.9
cod_kal1_p3_70-80,NA,NA,5.99,NA,NA,NA,NA,NA,NA,NA,NA,0.09999999999999432,66.30000000000001,33.6
uga_buja1_p1_0-10,NA,NA,5.38,NA,NA,NA,NA,NA,NA,NA,NA,25.09999999999999,55.60000000000001,19.3
cod_mud1_p2_0-10,NA,NA,5.02,NA,NA,NA,NA,NA,NA,NA,NA,11.900000000000006,63.89999999999999,24.2
cod_wal1_p2_30-40,NA,NA,4.3,NA,NA,NA,NA,NA,NA,NA,NA,0,39.5,60.5
cod_kal1_p6_60-70,NA,NA,5.65,NA,NA,NA,NA,NA,NA,NA,NA,3.5,60.8,35.7
cod_wal2_p2_20-30,NA,NA,4.14,NA,NA,NA,NA,NA,NA,NA,NA,9.200000000000005,68.5,22.3
cod_kal1_p3_10-20,NA,NA,4.94,NA,NA,NA,NA,NA,NA,NA,NA,0.01000000000000511,59.19,40.8
uga_isu1_p1_60-70,NA,NA,5.37,NA,NA,NA,NA,NA,NA,NA,NA,19.40000000000001,61.99999999999999,18.6
cod_kal1_p4_0-10,NA,NA,5.35,NA,NA,NA,NA,NA,NA,NA,NA,9.5,56.5,34
cod_kal1_p7_50-60,NA,NA,5.11,NA,NA,NA,NA,NA,NA,NA,NA,0,47.2,52.8
uga_buja1_p3_90-100,NA,NA,5.88,NA,NA,NA,NA,NA,NA,NA,NA,25.299999999999997,58.7,16
uga_nyan1_p2_20-30,NA,NA,5.38,NA,NA,NA,NA,NA,NA,NA,NA,55.4,34.660000000000004,9.94
uga_isu1_p2_10-20,NA,NA,5.43,NA,NA,NA,NA,NA,NA,NA,NA,15.900000000000006,70.1,14
uga_buja1_p1_50-60,NA,NA,5.26,NA,NA,NA,NA,NA,NA,NA,NA,19.700000000000003,61.2,19.1
uga_nyan1_p1_10-20,NA,NA,4.91,NA,NA,NA,NA,NA,NA,NA,NA,71.1,21.93,6.97
cod_kal1_p5_10-20,NA,NA,5.74,NA,NA,NA,NA,NA,NA,NA,NA,0.01000000000000511,59.69,40.3
cod_kal1_p6_80-87,NA,NA,4.68,NA,NA,NA,NA,NA,NA,NA,NA,0.01000000000000511,60.38999999999999,39.6
uga_mita1_p3_80-90,NA,NA,5.76,NA,NA,NA,NA,NA,NA,NA,NA,15.5,60.8,23.7
uga_mita1_p3_30-40,NA,NA,5.59,NA,NA,NA,NA,NA,NA,NA,NA,12.5,66.2,21.3
uga_saak3_p1_40-50,NA,NA,5.43,NA,NA,NA,NA,NA,NA,NA,NA,49.5,38.9,11.6
uga_nyan1_p1_90-95,NA,NA,5.14,NA,NA,NA,NA,NA,NA,NA,NA,78.2,16.52,5.28
cod_wal2_p5_80-90,NA,NA,3.84,NA,NA,NA,NA,NA,NA,NA,NA,8.200000000000003,70.9,20.9
cod_tchi3_p3_90-98,NA,NA,4.96,NA,NA,NA,NA,NA,NA,NA,NA,2.700000000000003,60.099999999999994,37.2
cod_tchi1_p2_10-20,NA,NA,5.81,NA,NA,NA,NA,NA,NA,NA,NA,9.200000000000005,61,29.8
cod_wal2_p4_40-50,NA,NA,4.03,NA,NA,NA,NA,NA,NA,NA,NA,8.700000000000003,68.69999999999999,22.6
uga_saak2_p2_40-50,NA,NA,5.75,NA,NA,NA,NA,NA,NA,NA,NA,40.3,45.3,14.4
uga_saak3_p3_20-30,NA,NA,5.84,NA,NA,NA,NA,NA,NA,NA,NA,45.8,42.5,11.7
cod_tchi1_p6_30-40,NA,NA,5.2,NA,NA,NA,NA,NA,NA,NA,NA,2.5,63.2,34.3
cod_wal3_p6_50-60,NA,NA,4.35,NA,NA,NA,NA,NA,NA,NA,NA,0.09999999999999432,60.2,39.7
cod_tchi3_p3_30-40,NA,NA,4.99,NA,NA,NA,NA,NA,NA,NA,NA,2.299999999999997,59.6,38.1
uga_mita1_p2_10-20,NA,NA,5.55,NA,NA,NA,NA,NA,NA,NA,NA,9.599999999999994,64.7,25.7
cod_tchi1_p1_30-40,NA,NA,5.14,NA,NA,NA,NA,NA,NA,NA,NA,3.200000000000003,62.2,34.6
uga_kyan1_p3_30-40,NA,NA,4.68,NA,NA,NA,NA,NA,NA,NA,NA,51,39.8,9.2
cod_tchi2_p2_0-10,NA,NA,5.36,NA,NA,NA,NA,NA,NA,NA,NA,0.01000000000000511,65.59,34.4
cod_wal3_p1_50-60,NA,NA,4.26,NA,NA,NA,NA,NA,NA,NA,NA,0,43.1,56.9
cod_wal3_p6_40-50,NA,NA,4.7,NA,NA,NA,NA,NA,NA,NA,NA,0.01000000000000511,59.38999999999999,40.6
cod_tchi2_p1_50-60,NA,NA,4.85,NA,NA,NA,NA,NA,NA,NA,NA,8.099999999999994,60.50000000000001,31.4
cod_wal2_p3_70-80,NA,NA,3.99,NA,NA,NA,NA,NA,NA,NA,NA,7.700000000000003,69.19999999999999,23.1
cod_wal1_p2_60-70,NA,NA,4.02,NA,NA,NA,NA,NA,NA,NA,NA,0,46.9,53.1
cod_wal2_p5_50-60,NA,NA,4.01,NA,NA,NA,NA,NA,NA,NA,NA,8.200000000000003,70.3,21.5
uga_saak2_p3_40-50,NA,NA,6.65,NA,NA,NA,NA,NA,NA,NA,NA,58.6,33.269999999999996,8.13
uga_nyan1_p1_40-50,NA,NA,4.8,NA,NA,NA,NA,NA,NA,NA,NA,76.3,18.46,5.24
uga_kyan1_p3_70-80,NA,NA,5.12,NA,NA,NA,NA,NA,NA,NA,NA,35.8,56.18000000000001,8.02
cod_wal1_p1_50-60,NA,NA,4.1,NA,NA,NA,NA,NA,NA,NA,NA,0,36.5,63.5
cod_tchi1_p7_10-20,NA,NA,5.54,NA,NA,NA,NA,NA,NA,NA,NA,11.400000000000006,64.8,23.8
cod_wal2_p3_0-10,NA,NA,4.33,NA,NA,NA,NA,NA,NA,NA,NA,10.5,67.5,22
uga_mita1_p2_80-90,NA,NA,5.68,NA,NA,NA,NA,NA,NA,NA,NA,15.599999999999994,60.2,24.2
cod_tchi3_p1_40-50,NA,NA,4.69,NA,NA,NA,NA,NA,NA,NA,NA,0.01000000000000511,63.489999999999995,36.5
cod_wal2_p1_0-10,NA,NA,4.39,NA,NA,NA,NA,NA,NA,NA,NA,12.5,65.4,22.1
cod_wal3_p2_0-10,NA,NA,4.88,NA,NA,NA,NA,NA,NA,NA,NA,0,50.9,49.1
cod_tchi1_p6_10-20,NA,NA,5.39,NA,NA,NA,NA,NA,NA,NA,NA,7.200000000000003,63.8,29
uga_kyan1_p2_40-50,NA,NA,3.94,NA,NA,NA,NA,NA,NA,NA,NA,53.7,35.5,10.8
uga_nyan1_p3_30-40,NA,NA,4.6,NA,NA,NA,NA,NA,NA,NA,NA,54.1,36.879999999999995,9.02
cod_wal2_p1_70-80,NA,NA,4.07,NA,NA,NA,NA,NA,NA,NA,NA,9.799999999999995,68.7,21.5
uga_mita1_p1_80-92,NA,NA,5.33,NA,NA,NA,NA,NA,NA,NA,NA,13.299999999999995,59.8,26.9
uga_mita1_p1_20-30,NA,NA,5.7,NA,NA,NA,NA,NA,NA,NA,NA,0,59.1,40.9
uga_kyan1_p2_90-100,NA,NA,6.3,NA,NA,NA,NA,NA,NA,NA,NA,34.099999999999994,58.540000000000006,7.36
cod_tchi1_p3_100-107,NA,NA,4.84,NA,NA,NA,NA,NA,NA,NA,NA,8.799999999999997,58.5,32.7
cod_tchi1_p2_90-103,NA,NA,5.14,NA,NA,NA,NA,NA,NA,NA,NA,2.0999999999999943,62.2,35.7
cod_wal1_p2_90-94,NA,NA,4.05,NA,NA,NA,NA,NA,NA,NA,NA,0,33.7,66.3
cod_wal2_p3_50-60,NA,NA,4.04,NA,NA,NA,NA,NA,NA,NA,NA,8.900000000000006,67.69999999999999,23.4
cod_tchi3_p3_60-70,NA,NA,5.04,NA,NA,NA,NA,NA,NA,NA,NA,4.799999999999997,57.900000000000006,37.3
cod_tchi1_p4_60-70,NA,NA,5.27,NA,NA,NA,NA,NA,NA,NA,NA,5.200000000000003,60.099999999999994,34.7
uga_nyan1_p1_80-90,NA,NA,4.79,NA,NA,NA,NA,NA,NA,NA,NA,71.9,21.19,6.91
cod_tchi3_p2_20-30,NA,NA,5.31,NA,NA,NA,NA,NA,NA,NA,NA,7.400000000000006,58.39999999999999,34.2
cod_tchi2_p3_0-10,NA,NA,5.4,NA,NA,NA,NA,NA,NA,NA,NA,12.5,56.1,31.4
cod_wal3_p5_0-10,NA,NA,4.29,NA,NA,NA,NA,NA,NA,NA,NA,0,16.900000000000006,83.1
cod_wal3_p5_10-20,NA,NA,4.26,NA,NA,NA,NA,NA,NA,NA,NA,0,18.400000000000006,81.6
cod_wal3_p5_20-30,NA,NA,4.26,NA,NA,NA,NA,NA,NA,NA,NA,0,21,79
cod_wal3_p5_30-40,NA,NA,4.4,NA,NA,NA,NA,NA,NA,NA,NA,0,21.900000000000006,78.1
cod_wal3_p5_40-50,NA,NA,4.37,NA,NA,NA,NA,NA,NA,NA,NA,0,23.299999999999997,76.7
cod_wal3_p5_50-60,NA,NA,4.18,NA,NA,NA,NA,NA,NA,NA,NA,0,23.700000000000003,76.3
cod_wal3_p5_60-70,NA,NA,4.1,NA,NA,NA,NA,NA,NA,NA,NA,0,37.2,62.8
cod_wal3_p5_70-80,NA,NA,4.09,NA,NA,NA,NA,NA,NA,NA,NA,0.010000000000005116,52.489999999999995,47.5
cod_wal3_p5_80-90,NA,NA,4.09,NA,NA,NA,NA,NA,NA,NA,NA,9.299999999999997,52.1,38.6
cod_wal3_p5_ct1,NA,NA,4.26,NA,NA,NA,NA,NA,NA,NA,NA,0,38.7,61.3
cod_wal3_p5_ct10,NA,NA,4.07,NA,NA,NA,NA,NA,NA,NA,NA,9.099999999999994,57.2,33.7
cod_wal3_p5_ct4,NA,NA,4.15,NA,NA,NA,NA,NA,NA,NA,NA,0.09999999999999432,56.10000000000001,43.8
cod_wal3_p5_ct5,NA,NA,4.13,NA,NA,NA,NA,NA,NA,NA,NA,2.9000000000000057,57.49999999999999,39.6
cod_wal3_p5_ct6,NA,NA,4.11,NA,NA,NA,NA,NA,NA,NA,NA,3.5999999999999943,56.400000000000006,40
cod_wal3_p5_ct7,NA,NA,4.09,NA,NA,NA,NA,NA,NA,NA,NA,12,55.1,32.9
cod_wal3_p5_ct8,NA,NA,4.08,NA,NA,NA,NA,NA,NA,NA,NA,13,56.6,30.4
21_uga_mati_profile02,NA,NA,3.94,NA,NA,NA,NA,NA,NA,NA,NA,0.010000000000005116,53.089999999999996,46.9
21_uga_mati_profile03,NA,NA,4.37,NA,NA,NA,NA,NA,NA,NA,NA,27.5,30.4,42.1
21_uga_mati_profile05,NA,NA,7.61,NA,NA,NA,NA,NA,NA,NA,NA,15.900000000000006,57.599999999999994,26.5
21_uga_mati_profile06,NA,NA,7.65,NA,NA,NA,NA,NA,NA,NA,NA,3,59.9,37.1
21_uga_mati_profile07,NA,NA,7.6,NA,NA,NA,NA,NA,NA,NA,NA,17.200000000000003,57.9,24.9
21_uga_mati_profile08,NA,NA,7.66,NA,NA,NA,NA,NA,NA,NA,NA,26.599999999999994,54.800000000000004,18.6
21_uga_muk_p1_0-10,NA,NA,5.9,NA,NA,NA,NA,NA,NA,NA,NA,NA,NA,NA
21_uga_muk_p1_10-20,NA,NA,5.94,NA,NA,NA,NA,NA,NA,NA,NA,NA,NA,NA
21_uga_muk_p1_20-30,NA,NA,6.04,NA,NA,NA,NA,NA,NA,NA,NA,NA,NA,NA
21_uga_muk_p1_30-40,NA,NA,5.63,NA,NA,NA,NA,NA,NA,NA,NA,NA,NA,NA
21_uga_muk_p1_40-50,NA,NA,4.55,NA,NA,NA,NA,NA,NA,NA,NA,NA,NA,NA
21_uga_muk_p1_50-60,NA,NA,4.31,NA,NA,NA,NA,NA,NA,NA,NA,NA,NA,NA
21_uga_muk_p1_60-70,NA,NA,4.39,NA,NA,NA,NA,NA,NA,NA,NA,NA,NA,NA
21_uga_muk_p1_70-80,NA,NA,4.22,NA,NA,NA,NA,NA,NA,NA,NA,NA,NA,NA
21_uga_muk_p1_80-90,NA,NA,3.98,NA,NA,NA,NA,NA,NA,NA,NA,NA,NA,NA
21_uga_muk_p1_90-100,NA,NA,4.01,NA,NA,NA,NA,NA,NA,NA,NA,NA,NA,NA
22UGANTUSL11_0-10,NA,NA,4.5,NA,NA,NA,NA,NA,NA,NA,NA,38.7,44.099999999999994,17.2
22UGANTUSL11_10-20,NA,NA,4.14,NA,NA,NA,NA,NA,NA,NA,NA,27.799999999999997,52,20.2
22UGANTUSL11_20-30,NA,NA,3.88,NA,NA,NA,NA,NA,NA,NA,NA,35.599999999999994,47.10000000000001,17.3
21_uga_nyan_p1_0-10,NA,NA,5.5,NA,NA,NA,NA,NA,NA,NA,NA,63.1,22.4,14.5
21_uga_nyan_p1_10-20,NA,NA,5.6,NA,NA,NA,NA,NA,NA,NA,NA,67,21.6,11.4
21_uga_nyan_p1_100-110,NA,NA,5.42,NA,NA,NA,NA,NA,NA,NA,NA,58.8,26.500000000000004,14.7
21_uga_nyan_p1_110-120,NA,NA,5.3,NA,NA,NA,NA,NA,NA,NA,NA,52.6,31.799999999999997,15.6
21_uga_nyan_p1_120-130,NA,NA,5.37,NA,NA,NA,NA,NA,NA,NA,NA,60.2,28.499999999999996,11.3
21_uga_nyan_p1_150-160,NA,NA,5.33,NA,NA,NA,NA,NA,NA,NA,NA,63.4,27.950000000000003,8.65
21_uga_nyan_p1_160-170,NA,NA,5.51,NA,NA,NA,NA,NA,NA,NA,NA,49,36.6,14.4
21_uga_nyan_p1_170-180,NA,NA,5.43,NA,NA,NA,NA,NA,NA,NA,NA,58.5,31.3,10.2
21_uga_nyan_p1_180-190,NA,NA,5.5,NA,NA,NA,NA,NA,NA,NA,NA,64.9,27.61,7.49
21_uga_nyan_p1_190-200,NA,NA,5.63,NA,NA,NA,NA,NA,NA,NA,NA,55.5,35.62,8.88
21_uga_nyan_p1_20-30,NA,NA,5.28,NA,NA,NA,NA,NA,NA,NA,NA,64.4,22.900000000000002,12.7
21_uga_nyan_p1_200-207,NA,NA,5.6,NA,NA,NA,NA,NA,NA,NA,NA,68.7,25.03,6.27
21_uga_nyan_p1_30-40,NA,NA,4.8,NA,NA,NA,NA,NA,NA,NA,NA,59.6,23.599999999999998,16.8
21_uga_nyan_p1_50-60,NA,NA,4.22,NA,NA,NA,NA,NA,NA,NA,NA,28.099999999999994,43.900000000000006,28
21_uga_nyan_p1_60-70,NA,NA,4.19,NA,NA,NA,NA,NA,NA,NA,NA,49.1,32.4,18.5
21_uga_nyan_p1_70-80,NA,NA,4.24,NA,NA,NA,NA,NA,NA,NA,NA,51.1,31.7,17.2
21_uga_nyan_p1_80-90,NA,NA,4.3,NA,NA,NA,NA,NA,NA,NA,NA,52.7,30.699999999999996,16.6
21_uga_nyan_p1_90-100,NA,NA,4.54,NA,NA,NA,NA,NA,NA,NA,NA,52.2,32.5,15.3
cod_kal1_p3_0-10,NA,NA,5.63,NA,NA,NA,NA,NA,NA,NA,NA,NA,NA,NA
cod_kal1_p3_20-30,NA,NA,5.46,NA,NA,NA,NA,NA,NA,NA,NA,NA,NA,NA
cod_kal1_p3_30-40,NA,NA,6.18,NA,NA,NA,NA,NA,NA,NA,NA,NA,NA,NA
cod_kal1_p3_40-50,NA,NA,6.25,NA,NA,NA,NA,NA,NA,NA,NA,NA,NA,NA
cod_kal1_p3_50-60,NA,NA,6.25,NA,NA,NA,NA,NA,NA,NA,NA,NA,NA,NA
cod_kal1_p3_60-70,NA,NA,6.13,NA,NA,NA,NA,NA,NA,NA,NA,NA,NA,NA
cod_kal1_p3_80-87,NA,NA,6.06,NA,NA,NA,NA,NA,NA,NA,NA,NA,NA,NA
cod_kal1_p3_ct10,NA,NA,6.54,NA,NA,NA,NA,NA,NA,NA,NA,NA,NA,NA
cod_kal1_p3_ct2,NA,NA,6.15,NA,NA,NA,NA,NA,NA,NA,NA,NA,NA,NA
cod_kal1_p3_ct3,NA,NA,6.18,NA,NA,NA,NA,NA,NA,NA,NA,NA,NA,NA
cod_kal1_p3_ct4,NA,NA,6.21,NA,NA,NA,NA,NA,NA,NA,NA,NA,NA,NA
cod_kal1_p3_ct7,NA,NA,6.39,NA,NA,NA,NA,NA,NA,NA,NA,NA,NA,NA
cod_kal1_p3_ct8,NA,NA,6.74,NA,NA,NA,NA,NA,NA,NA,NA,NA,NA,NA
cod_kal1_p3_ct9,NA,NA,6.66,NA,NA,NA,NA,NA,NA,NA,NA,NA,NA,NA
21_uga_muk2_PLAT_0-10,NA,NA,5.97,NA,NA,NA,NA,NA,NA,NA,NA,0,29.200000000000003,70.8
21_uga_muk2_PLAT_10-20,NA,NA,5.95,NA,NA,NA,NA,NA,NA,NA,NA,41.7,25.699999999999996,32.6
21_uga_muk2_PLAT_100-110,NA,NA,5.25,NA,NA,NA,NA,NA,NA,NA,NA,0,19.299999999999997,80.7
21_uga_muk2_PLAT_110-120,NA,NA,5.48,NA,NA,NA,NA,NA,NA,NA,NA,0,25.099999999999994,74.9
21_uga_muk2_PLAT_120-130,NA,NA,5.37,NA,NA,NA,NA,NA,NA,NA,NA,0,34,66
21_uga_muk2_PLAT_130-140,NA,NA,4.54,NA,NA,NA,NA,NA,NA,NA,NA,30.900000000000006,23.799999999999997,45.3
21_uga_muk2_PLAT_140-150,NA,NA,5.09,NA,NA,NA,NA,NA,NA,NA,NA,0,32.3,67.7
21_uga_muk2_PLAT_160-170,NA,NA,5.02,NA,NA,NA,NA,NA,NA,NA,NA,18.799999999999997,33.5,47.7
21_uga_muk2_PLAT_170-180,NA,NA,5.05,NA,NA,NA,NA,NA,NA,NA,NA,19.5,33.9,46.6
21_uga_muk2_PLAT_180-190,NA,NA,5.28,NA,NA,NA,NA,NA,NA,NA,NA,0,28,72
21_uga_muk2_PLAT_190-197,NA,NA,4.93,NA,NA,NA,NA,NA,NA,NA,NA,0.010000000000005116,48.19,51.8
21_uga_muk2_PLAT_20-30,NA,NA,5.73,NA,NA,NA,NA,NA,NA,NA,NA,0,21.599999999999994,78.4
21_uga_muk2_PLAT_30-40,NA,NA,5.05,NA,NA,NA,NA,NA,NA,NA,NA,0,34.8,65.2
21_uga_muk2_PLAT_50-60,NA,NA,4.16,NA,NA,NA,NA,NA,NA,NA,NA,0,10.200000000000003,89.8
21_uga_muk2_PLAT_60-70,NA,NA,4.35,NA,NA,NA,NA,NA,NA,NA,NA,0,10.400000000000006,89.6
21_uga_muk2_PLAT_80-90,NA,NA,4.72,NA,NA,NA,NA,NA,NA,NA,NA,0,11.299999999999997,88.7
21_uga_muk2_PLAT_90-100,NA,NA,5,NA,NA,NA,NA,NA,NA,NA,NA,0,13.5,86.5
cod_wal2_p1_10-20,NA,NA,4.31,NA,NA,NA,NA,NA,NA,NA,NA,NA,NA,NA
cod_wal2_p1_20-30,NA,NA,4.22,NA,NA,NA,NA,NA,NA,NA,NA,NA,NA,NA
cod_wal2_p1_30-40,NA,NA,4.22,NA,NA,NA,NA,NA,NA,NA,NA,NA,NA,NA
cod_wal2_p1_40-50,NA,NA,4.25,NA,NA,NA,NA,NA,NA,NA,NA,NA,NA,NA
cod_wal2_p1_50-60,NA,NA,4.12,NA,NA,NA,NA,NA,NA,NA,NA,NA,NA,NA
cod_wal2_p1_60-70,NA,NA,4.12,NA,NA,NA,NA,NA,NA,NA,NA,NA,NA,NA
cod_wal2_p1_80-90,NA,NA,4.01,NA,NA,NA,NA,NA,NA,NA,NA,NA,NA,NA
cod_wal2_p1_90-94,NA,NA,3.99,NA,NA,NA,NA,NA,NA,NA,NA,NA,NA,NA
cod_wal2_p1_ct2,NA,NA,4.18,NA,NA,NA,NA,NA,NA,NA,NA,NA,NA,NA
cod_wal2_p1_ct3,NA,NA,4.23,NA,NA,NA,NA,NA,NA,NA,NA,NA,NA,NA
cod_wal2_p1_ct4,NA,NA,3.99,NA,NA,NA,NA,NA,NA,NA,NA,NA,NA,NA
cod_wal2_p1_ct5,NA,NA,3.91,NA,NA,NA,NA,NA,NA,NA,NA,NA,NA,NA
cod_wal2_p1_ct6,NA,NA,3.83,NA,NA,NA,NA,NA,NA,NA,NA,NA,NA,NA
22UGAKIHUP2_0-10,NA,NA,5.93,NA,NA,NA,NA,NA,NA,NA,NA,60.2,22.199999999999996,17.6
22UGAKIHUP2_10-20,NA,NA,6.07,NA,NA,NA,NA,NA,NA,NA,NA,62.4,20.900000000000002,16.7
22UGAKIHUP2_100-110,NA,NA,4.24,NA,NA,NA,NA,NA,NA,NA,NA,75.8,18.74,5.46
22UGAKIHUP2_110-120,NA,NA,4.47,NA,NA,NA,NA,NA,NA,NA,NA,84.1,12.4,3.5
22UGAKIHUP2_20-30,NA,NA,4.99,NA,NA,NA,NA,NA,NA,NA,NA,60.1,21.5,18.4
22UGAKIHUP2_30-40,NA,NA,4.27,NA,NA,NA,NA,NA,NA,NA,NA,63.6,19.5,16.9
22UGAKIHUP2_40-50,NA,NA,3.96,NA,NA,NA,NA,NA,NA,NA,NA,67.8,17.200000000000003,15
22UGAKIHUP2_50-60,NA,NA,3.92,NA,NA,NA,NA,NA,NA,NA,NA,60.8,20.400000000000002,18.8
22UGAKIHUP2_60-70,NA,NA,3.94,NA,NA,NA,NA,NA,NA,NA,NA,71.4,16.200000000000003,12.4
22UGAKIHUP2_70-80,NA,NA,3.95,NA,NA,NA,NA,NA,NA,NA,NA,78.3,14.09,7.61
22UGAKIHUP2_80-90,NA,NA,4.11,NA,NA,NA,NA,NA,NA,NA,NA,77.7,15.93,6.37
22UGAKIHUP2_90-100,NA,NA,4.03,NA,NA,NA,NA,NA,NA,NA,NA,69.5,22.3,8.2
uga_buja1_p4_0-10,NA,NA,5.63,NA,NA,NA,NA,NA,NA,NA,NA,31.799999999999997,50.2,18
uga_buja1_p4_10-20,NA,NA,5.52,NA,NA,NA,NA,NA,NA,NA,NA,31.799999999999997,48.900000000000006,19.3
uga_buja1_p4_100-108,NA,NA,6.21,NA,NA,NA,NA,NA,NA,NA,NA,45.7,40.3,14
uga_buja1_p4_20-30,NA,NA,5.62,NA,NA,NA,NA,NA,NA,NA,NA,42.4,41.3,16.3
uga_buja1_p4_30-40,NA,NA,5.67,NA,NA,NA,NA,NA,NA,NA,NA,46.8,39.5,13.7
uga_buja1_p4_40-50,NA,NA,5.7,NA,NA,NA,NA,NA,NA,NA,NA,48.2,37.9,13.9
uga_buja1_p4_60-70,NA,NA,5.77,NA,NA,NA,NA,NA,NA,NA,NA,49.1,35.5,15.4
uga_buja1_p4_70-80,NA,NA,5.81,NA,NA,NA,NA,NA,NA,NA,NA,17,54.3,28.7
uga_buja1_p4_80-90,NA,NA,5.87,NA,NA,NA,NA,NA,NA,NA,NA,44.7,36.199999999999996,19.1
uga_buja1_p4_90-100,NA,NA,6.23,NA,NA,NA,NA,NA,NA,NA,NA,35.7,46.699999999999996,17.6
uga_buja1_p4_ct1,NA,NA,6.1,NA,NA,NA,NA,NA,NA,NA,NA,46.8,39.300000000000004,13.9
uga_buja1_p4_ct10,NA,NA,5.94,NA,NA,NA,NA,NA,NA,NA,NA,26.099999999999994,64.35000000000001,9.55
uga_buja1_p4_ct2,NA,NA,6.29,NA,NA,NA,NA,NA,NA,NA,NA,60.5,29.68,9.82
uga_buja1_p4_ct4,NA,NA,6.49,NA,NA,NA,NA,NA,NA,NA,NA,66.3,26.070000000000004,7.63
uga_buja1_p4_ct5,NA,NA,6.64,NA,NA,NA,NA,NA,NA,NA,NA,75.2,18.26,6.54
uga_buja1_p4_ct6,NA,NA,6.27,NA,NA,NA,NA,NA,NA,NA,NA,23.799999999999997,56.300000000000004,19.9
uga_buja1_p4_ct7,NA,NA,6.69,NA,NA,NA,NA,NA,NA,NA,NA,7.799999999999997,72.80000000000001,19.4
uga_buja1_p4_ct9,NA,NA,5.83,NA,NA,NA,NA,NA,NA,NA,NA,14,74.5,11.5
22CODKASHSL1_010,NA,NA,4.02,NA,NA,NA,NA,NA,NA,NA,NA,NA,NA,NA
22CODKASHSL1_1020,NA,NA,3.95,NA,NA,NA,NA,NA,NA,NA,NA,NA,NA,NA
22CODKASHSL1_2030,NA,NA,3.83,NA,NA,NA,NA,NA,NA,NA,NA,NA,NA,NA
uga_mita1_p3_0-10,NA,NA,5.76,NA,NA,NA,NA,NA,NA,NA,NA,NA,NA,NA
uga_mita1_p3_10-20,NA,NA,5.6,NA,NA,NA,NA,NA,NA,NA,NA,NA,NA,NA
uga_mita1_p3_20-30,NA,NA,5.54,NA,NA,NA,NA,NA,NA,NA,NA,NA,NA,NA
uga_mita1_p3_40-50,NA,NA,5.64,NA,NA,NA,NA,NA,NA,NA,NA,NA,NA,NA
uga_mita1_p3_50-60,NA,NA,5.67,NA,NA,NA,NA,NA,NA,NA,NA,NA,NA,NA
uga_mita1_p3_60-70,NA,NA,5.74,NA,NA,NA,NA,NA,NA,NA,NA,NA,NA,NA
uga_mita1_p3_70-80,NA,NA,5.78,NA,NA,NA,NA,NA,NA,NA,NA,NA,NA,NA
uga_mita1_p3_90-99,NA,NA,5.86,NA,NA,NA,NA,NA,NA,NA,NA,NA,NA,NA
uga_mita1_p3_ct1,NA,NA,5.8,NA,NA,NA,NA,NA,NA,NA,NA,NA,NA,NA
uga_mita1_p3_ct2,NA,NA,5.82,NA,NA,NA,NA,NA,NA,NA,NA,NA,NA,NA
uga_mita1_p3_ct3,NA,NA,5.86,NA,NA,NA,NA,NA,NA,NA,NA,NA,NA,NA
uga_mita1_p3_ct4,NA,NA,5.9,NA,NA,NA,NA,NA,NA,NA,NA,NA,NA,NA
uga_mita1_p3_ct5,NA,NA,5.92,NA,NA,NA,NA,NA,NA,NA,NA,NA,NA,NA
uga_mita1_p3_ct6,NA,NA,5.92,NA,NA,NA,NA,NA,NA,NA,NA,NA,NA,NA
uga_mita1_p3_ct7,NA,NA,5.91,NA,NA,NA,NA,NA,NA,NA,NA,NA,NA,NA
uga_mita1_p3_ct8,NA,NA,5.89,NA,NA,NA,NA,NA,NA,NA,NA,NA,NA,NA
uga_mita1_p3_ct9,NA,NA,5.93,NA,NA,NA,NA,NA,NA,NA,NA,NA,NA,NA
cod_wal3_p3_90-99.5,NA,NA,NA,60.4020100502513,88.6746231155779,NA,NA,NA,NA,NA,NA,NA,NA,NA
21_uga_rus_p1_0-10,NA,NA,NA,NA,NA,NA,NA,NA,NA,NA,NA,11.599999999999994,54.7,33.7
21_uga_rus_p1_10-20,NA,NA,NA,NA,NA,NA,NA,NA,NA,NA,NA,13.5,53.4,33.1
21_uga_rus_p1_20-30,NA,NA,NA,NA,NA,NA,NA,NA,NA,NA,NA,12.599999999999994,53.400000000000006,34
21_uga_rus_p1_40-50,NA,NA,NA,NA,NA,NA,NA,NA,NA,NA,NA,14.700000000000003,52.699999999999996,32.6
21_uga_rus_p1_50-60,NA,NA,NA,NA,NA,NA,NA,NA,NA,NA,NA,14.400000000000006,52.8,32.8
21_uga_rus_p1_60-70,NA,NA,NA,NA,NA,NA,NA,NA,NA,NA,NA,14.400000000000006,52.8,32.8
21_uga_rus_p1_70-80,NA,NA,NA,NA,NA,NA,NA,NA,NA,NA,NA,28.5,45.7,25.8
21_uga_rus_p1_90-100,NA,NA,NA,NA,NA,NA,NA,NA,NA,NA,NA,24.799999999999997,52.7,22.5
21_uga_rus_p1_100-114,NA,NA,NA,NA,NA,NA,NA,NA,NA,NA,NA,13.5,59.9,26.6
21_uga_rus_p1_114-120,NA,NA,NA,NA,NA,NA,NA,NA,NA,NA,NA,21.599999999999994,54.10000000000001,24.3
21_uga_rus_p1_120-130,NA,NA,NA,NA,NA,NA,NA,NA,NA,NA,NA,17.299999999999997,61.1,21.6
21_uga_rus_p1_130-140,NA,NA,NA,NA,NA,NA,NA,NA,NA,NA,NA,23.900000000000006,55.99999999999999,20.1
21_uga_rus_p1_150-160,NA,NA,NA,NA,NA,NA,NA,NA,NA,NA,NA,28.799999999999997,51.5,19.7
21_uga_rus_p1_160-170,NA,NA,NA,NA,NA,NA,NA,NA,NA,NA,NA,24.5,55.7,19.8
21_uga_rus_p1_170-180,NA,NA,NA,NA,NA,NA,NA,NA,NA,NA,NA,26,53.3,20.7
21_uga_rus_p1_180-190,NA,NA,NA,NA,NA,NA,NA,NA,NA,NA,NA,26.799999999999997,53.5,19.7
21_uga_rus_p1_200-210,NA,NA,NA,NA,NA,NA,NA,NA,NA,NA,NA,29.200000000000003,51.599999999999994,19.2
21_uga_rus_p1_210-220,NA,NA,NA,NA,NA,NA,NA,NA,NA,NA,NA,35.7,46.4,17.9
21_uga_rus_p1_220-230,NA,NA,NA,NA,NA,NA,NA,NA,NA,NA,NA,26.200000000000003,52.599999999999994,21.2
21_uga_rus_p1_230-240,NA,NA,NA,NA,NA,NA,NA,NA,NA,NA,NA,20.099999999999994,58.800000000000004,21.1
21_uga_rus_p1_240-250,NA,NA,NA,NA,NA,NA,NA,NA,NA,NA,NA,23.799999999999997,56.800000000000004,19.4
21_uga_rus_p1_260-265,NA,NA,NA,NA,NA,NA,NA,NA,NA,NA,NA,21.299999999999997,59.400000000000006,19.3
21CODKALSL1_010,NA,NA,NA,NA,NA,NA,NA,NA,NA,NA,NA,0,8.700000000000003,91.3
21CODKALSL1_1020,NA,NA,NA,NA,NA,NA,NA,NA,NA,NA,NA,0,10.099999999999994,89.9
21CODKALSL1_2030,NA,NA,NA,NA,NA,NA,NA,NA,NA,NA,NA,0,8.400000000000006,91.6
22CODBUGUSL4_010,NA,NA,NA,NA,NA,NA,NA,NA,NA,NA,NA,19,59.2,21.8
22CODBUGUSL4_1020,NA,NA,NA,NA,NA,NA,NA,NA,NA,NA,NA,21.400000000000006,53.699999999999996,24.9
22CODBUGUSL4_2030,NA,NA,NA,NA,NA,NA,NA,NA,NA,NA,NA,24.900000000000006,51.8,23.3
22UGANTUSL8_0-10,NA,NA,NA,NA,NA,NA,NA,NA,NA,NA,NA,48.5,34.5,17
22UGANTUSL8_10-20,NA,NA,NA,NA,NA,NA,NA,NA,NA,NA,NA,55.6,29.9,14.5
22UGANTUSL8_20-30,NA,NA,NA,NA,NA,NA,NA,NA,NA,NA,NA,55.1,30.2,14.7
uga_kyan1_p2_0-10,NA,NA,NA,NA,NA,NA,NA,NA,NA,NA,NA,35.8,48.1,16.1
uga_kyan1_p2_10-20,NA,NA,NA,NA,NA,NA,NA,NA,NA,NA,NA,25,55,20
uga_kyan1_p2_20-30,NA,NA,NA,NA,NA,NA,NA,NA,NA,NA,NA,28.299999999999997,53.400000000000006,18.3
uga_kyan1_p2_30-40,NA,NA,NA,NA,NA,NA,NA,NA,NA,NA,NA,32.8,48.400000000000006,18.8
uga_kyan1_p2_50-60,NA,NA,NA,NA,NA,NA,NA,NA,NA,NA,NA,65.7,21.799999999999997,12.5
uga_kyan1_p2_60-70,NA,NA,NA,NA,NA,NA,NA,NA,NA,NA,NA,50.4,37.3,12.3
uga_kyan1_p2_70-80,NA,NA,NA,NA,NA,NA,NA,NA,NA,NA,NA,46.2,43.8,10
uga_kyan1_p2_80-90,NA,NA,NA,NA,NA,NA,NA,NA,NA,NA,NA,23.299999999999997,64.4,12.3
uga_kyan1_p2_100-109,NA,NA,NA,NA,NA,NA,NA,NA,NA,NA,NA,26.400000000000006,63.919999999999995,9.68
uga_nyan1_p3_0-10,NA,NA,NA,NA,NA,NA,NA,NA,NA,NA,NA,54.4,34.1,11.5
uga_nyan1_p3_10-20,NA,NA,NA,NA,NA,NA,NA,NA,NA,NA,NA,43.6,42.3,14.1
uga_nyan1_p3_20-30,NA,NA,NA,NA,NA,NA,NA,NA,NA,NA,NA,35.900000000000006,47.39999999999999,16.7
uga_nyan1_p3_40-50,NA,NA,NA,NA,NA,NA,NA,NA,NA,NA,NA,42.4,45.8,11.8
uga_nyan1_p3_50-60,NA,NA,NA,NA,NA,NA,NA,NA,NA,NA,NA,32.3,52.800000000000004,14.9
uga_nyan1_p3_60-70,NA,NA,NA,NA,NA,NA,NA,NA,NA,NA,NA,62.7,29.429999999999996,7.87
uga_nyan1_p3_70-80,NA,NA,NA,NA,NA,NA,NA,NA,NA,NA,NA,78.7,16.96,4.34
uga_nyan1_p3_80-90,NA,NA,NA,NA,NA,NA,NA,NA,NA,NA,NA,82.6,13.27,4.13
